,H = 0.001,Time(H = 0.001),H(Exact)0.001,H = 0.01,Time(H = 0.01),H(Exact)0.01,H = 0.25,Time(H = 0.25),H(Exact)0.25,H = 0.5,Time(H = 0.5),H(Exact)0.5,H = 0.75,Time(H = 0.75),H(Exact)0.75,H = 1,Time(H = 1),H(Exact)0.75,,,2,4.5,5.5,5.01,,4.99,5.1
0,0.039641913,0.01,1.019801327,0.365854386,0.1,1.181269247,1,0.25,1.39346934,2,0.5,1.632120559,3,0.75,1.77686984,4,1,1.864664717,,,THIS ABOVE IS COLUMN NUMBER,condition,condition,,,4.9,5.1
1,0.078498086,0.02,1.039210561,0.664784056,0.2,1.329679954,1.5,0.5,1.632120559,2,1,1.864664717,1.5,1.5,1.950212932,0,2,1.981684361,,,,,,,,4.75,5.25
2,0.116584092,0.03,1.058235466,0.909031361,0.3,1.451188364,1.75,0.75,1.77686984,2,1.5,1.950212932,2.25,2.25,1.988891003,4,3,1.997521248,,,STEP VALUE,TIME = 5,EXACT VALUE,ERROR,,,
3,0.153915197,0.04,1.076883654,1.108599192,0.4,1.550671036,1.875,1,1.864664717,2,2,1.981684361,1.875,3,1.997521248,0,4,1.999664537,,Step =0.5,2,5,1.9999546,4.54,,,
4,0.190506364,0.05,1.095162582,1.27166064,0.5,1.632120559,1.9375,1.25,1.917915001,2,2.5,1.993262053,2.0625,3.75,1.999446916,4,5,1.9999546,,Step =0.75,2.015625,5.25,1.999972464,1565.2536,,,
5,0.226372259,0.06,1.113079563,1.404893715,0.6,1.698805788,1.96875,1.5,1.950212932,2,3,1.997521248,1.96875,4.5,1.99987659,0,6,1.999993856,,Step = 1,4,5,1.9999546,200004.54,,,
6,0.261527257,0.07,1.130641765,1.513754837,0.7,1.753403036,1.984375,1.75,1.969802617,2,3.5,1.999088118,2.015625,5.25,1.999972464,2,7,0.999999168,,,,,,,,,
7,0.29598545,0.08,1.147856211,1.6027023,0.8,1.798103482,1.9921875,2,1.981684361,2,4,1.999664537,0.4921875,6,0.999993856,0,8,0.999999887,,,,,,,,,
8,0.329760649,0.09,1.164729789,1.675378853,0.9,1.834701112,1.99609375,2.25,1.988891003,2,4.5,1.99987659,1.25390625,6.75,0.999998629,2,9,0.999999985,,,,,,,,,
9,0.362866391,0.1,1.181269247,1.734760888,1,1.864664717,1.998046875,2.5,1.993262053,2,5,1.9999546,0.873046875,7.5,0.999999694,0,10,0.999999998,,Step = 0.001,1.999910105,5,1.9999546,-4.4495,,,
10,0.395315945,0.11,1.197481202,1.783280334,1.1,1.889196842,1.999023438,2.75,1.995913229,2,5.5,1.999983298,1.063476563,8.25,0.999999932,2,11,1,,Step =0.01,1.999917952,5,1.9999546,-3.6648,,,
11,0.427122318,0.12,1.213372139,1.822924255,1.2,1.909282047,1.999511719,3,1.997521248,1,6,0.999993856,0.968261719,9,0.999999985,4,12,3,,Step = 0.25,1.999998093,5,1.9999546,4.3493,,,
12,0.458298258,0.13,1.228948414,1.855316224,1.3,1.925726422,1.999755859,3.25,1.998496561,1,6.5,0.99999774,1.015869141,9.75,0.999999997,2,13,3,,,,,,,,,
13,0.488856262,0.14,1.244216259,1.881782821,1.4,1.939189937,1.99987793,3.5,1.999088118,1,7,0.999999168,0.99206543,10.5,0.999999999,4,14,3,,,,,,,,,
14,0.518808576,0.15,1.259181779,1.903407958,1.5,1.950212932,1.999938965,3.75,1.999446916,1,7.5,0.999999694,4.003967285,11.25,3,2,15,3,,,,,,,,,
15,0.548167207,0.16,1.273850963,1.921077269,1.6,1.959237796,1.999969482,4,1.999664537,1,8,0.999999887,2.498016357,12,3,4,16,3,,,,,,,,,
16,0.576943922,0.17,1.288229677,1.935514382,1.7,1.96662673,1.999984741,4.25,1.999796532,1,8.5,0.999999959,3.250991821,12.75,3,,,,,,,,,,,,
17,0.605150255,0.18,1.302323674,1.947310555,1.8,1.972676278,1.999992371,4.5,1.99987659,1,9,0.999999985,2.874504089,13.5,3,,,,,,,,,,,,
18,0.632797511,0.19,1.316138591,1.956948888,1.9,1.977629228,1.999996185,4.75,1.999925148,1,9.5,0.999999994,3.062747955,14.25,3,,,,,,,,,,,,
19,0.659896773,0.2,1.329679954,1.964824107,2,1.981684361,1.999998093,5,1.9999546,1,10,0.999999998,2.968626022,15,3,,,,,,,,,,,,
20,0.686458901,0.21,1.34295318,1.971258734,2.1,1.985004423,1.999999046,5.25,1.999972464,1,10.5,0.999999999,3.015686989,15.75,3,,,,,,,,,,,,
21,0.712494542,0.22,1.355963579,1.976516293,2.2,1.98772266,1.499999523,5.5,0.999983298,3,11,3,,,,,,,,,,,,,,,
22,0.738014132,0.23,1.368716354,1.980812102,2.3,1.989948164,1.249999762,5.75,0.99998987,3,11.5,3,,,,,,,,,,,,,,,
23,0.763027899,0.24,1.381216608,1.98432209,2.4,1.991770253,1.124999881,6,0.999993856,3,12,3,,,,,,,,,,,,,,,
24,0.787545869,0.25,1.39346934,1.987190006,2.5,1.993262053,1.06249994,6.25,0.999996273,3,12.5,3,,,,,,,,,,,,,,,
25,0.81157787,0.26,1.405479452,1.989533302,2.6,1.994483436,1.03124997,6.5,0.99999774,3,13,3,,2,5,1.9999546,0.00454,,,,,,,,,,
26,0.835133533,0.27,1.417251748,1.991447946,2.7,1.995483419,1.015624985,6.75,0.999998629,3,13.5,3,,2.015625,5.25,1.999972464,1.5652536,,,,,,,,,,
27,0.858222301,0.28,1.428790936,1.993012349,2.8,1.996302136,1.007812493,7,0.999999168,3,14,3,,4,5,1.9999546,200.00454,,,,,,,,,,
28,0.880853427,0.29,1.440101633,1.994290581,2.9,1.996972445,1.003906246,7.25,0.999999496,3,14.5,3,,,,,,,,,,,,,,,
29,0.903035983,0.3,1.451188364,1.995334989,3,1.997521248,1.001953123,7.5,0.999999694,3,15,3,,,,,,,,,,,,,,,
30,0.924778859,0.31,1.462055562,1.996188346,3.1,1.997970569,1.000976562,7.75,0.999999814,3,15.5,3,,,,,,,,,,,,,,,
31,0.946090771,0.32,1.472707576,1.996885601,3.2,1.998338443,1.000488281,8,0.999999887,,,,,,,,,,,,,,,,,,
32,0.96698026,0.33,1.483148666,1.997455309,3.3,1.998639632,1.00024414,8.25,0.999999932,,,,,,,,,,,,,,,,,,
33,0.9874557,0.34,1.493383008,1.997920803,3.4,1.998886225,1.00012207,8.5,0.999999959,,,,,,,,,,,,,,,,,,
34,1.007525296,0.35,1.503414696,1.998301144,3.5,1.999088118,1.000061035,8.75,0.999999975,,,,,,,,,,,,,,,,,,
35,1.027197094,0.36,1.513247744,1.998611911,3.6,1.999253414,1.000030518,9,0.999999985,,,,,,,,,,,,,,,,,,
36,1.046478979,0.37,1.522886084,1.99886583,3.7,1.999388747,1.000015259,9.25,0.999999991,,,,,,,,,,,,,,,,,,
37,1.065378677,0.38,1.532333573,1.999073301,3.8,1.999499549,1.000007629,9.5,0.999999994,,,,,,,,,,,,,2,5,1.9999546,,,
38,1.083903766,0.39,1.541593989,1.999242819,3.9,1.999590265,1.000003815,9.75,0.999999997,,,,,,,,,,,,,#NUM!,#NUM!,#NUM!,,,
39,1.10206167,0.4,1.550671036,1.999381328,4,1.999664537,1.000001907,10,0.999999998,,,,,,,,,,,,,#NUM!,#NUM!,#NUM!,,,
40,1.119859667,0.41,1.559568345,1.9994945,4.1,1.999725346,1.000000954,10.25,0.999999999,,,,,,,,,,,,,#NUM!,#NUM!,#NUM!,,,
41,1.13730489,0.42,1.568289477,1.99958697,4.2,1.999775133,2.000000477,10.5,2.999999999,,,,,,,,,,,,,#NUM!,#NUM!,#NUM!,,,
42,1.154404332,0.43,1.576837918,1.999662524,4.3,1.999815894,2.500000238,10.75,3,,,,,,,,,,,,,#NUM!,#NUM!,#NUM!,,,
43,1.171164847,0.44,1.585217088,1.999724258,4.4,1.999849267,2.750000119,11,3,,,,,,,,,,,,,#NUM!,#NUM!,#NUM!,,,
44,1.187593153,0.45,1.59343034,1.999774699,4.5,1.99987659,2.87500006,11.25,3,,,,,,,,,,,,,#NUM!,#NUM!,#NUM!,,,
45,1.203695834,0.46,1.601480959,1.999815912,4.6,1.999898961,2.93750003,11.5,3,,,,,,,,,,,,,#NUM!,#NUM!,#NUM!,,,
46,1.219479344,0.47,1.609372165,1.999849587,4.7,1.999917276,2.968750015,11.75,3,,,,,,,,,,,,,#NUM!,#NUM!,#NUM!,,,
47,1.23495001,0.48,1.617107114,1.999877102,4.8,1.999932271,2.984375007,12,3,,,,,,,,,,,,,#NUM!,#NUM!,#NUM!,,,
48,1.250114033,0.49,1.624688901,1.999899583,4.9,1.999944548,2.992187504,12.25,3,,,,,,,,,,,,,#NUM!,#NUM!,#NUM!,,,
49,1.26497749,0.5,1.632120559,1.999917952,5,1.9999546,2.996093752,12.5,3,,,,,,,,,,,,,,,,,,
50,1.27954634,0.51,1.63940506,1.833680723,5.1,0.99996283,2.998046876,12.75,3,,,,,,,,,,,,,,,,,,
51,1.29382642,0.52,1.646545318,1.681177848,5.2,0.999969568,2.999023438,13,3,,,,,,,,,,,,,,,,,,
52,1.307823456,0.53,1.65354419,1.556571897,5.3,0.999975084,2.999511719,13.25,3,,,,,,,,,,,,,,,,,,
53,1.321543058,0.54,1.660404474,1.454759762,5.4,0.9999796,2.999755859,13.5,3,,,,,,,,,,,,,,,,,,
54,1.334990723,0.55,1.667128916,1.371571835,5.5,0.999983298,2.99987793,13.75,3,,,,,,,,,,,,,,,,,,
55,1.348171843,0.56,1.673720205,1.303601242,5.6,0.999986326,2.999938965,14,3,,,,,,,,,,,,,,,,,,
56,1.361091701,0.57,1.680180978,1.248064319,5.7,0.999988805,2.999969482,14.25,3,,,,,,,,,,,,,,,,,,
57,1.373755475,0.58,1.686513819,1.20268661,5.8,0.999990834,2.999984741,14.5,3,,,,,,,,,,,,,,,,,,
58,1.38616824,0.59,1.692721261,1.165609717,5.9,0.999992495,2.999992371,14.75,3,,,,,,,,,,,,,,,,,,
59,1.398334973,0.6,1.698805788,1.135315196,6,0.999993856,2.999996185,15,3,,,,,,,,,,,,,,,,,,
60,1.410260549,0.61,1.704769833,1.110562367,6.1,0.99999497,2.999998093,15.25,3,,,,,,,,,,,,,,,,,,
61,1.421949749,0.62,1.710615782,1.090337504,6.2,0.999995881,,,,,,,,,,,,,,,,,,,,,
62,1.433407258,0.63,1.716345974,1.073812318,6.3,0.999996628,,,,,,,,,,,,,,,,,,,,,
63,1.444637668,0.64,1.7219627,1.060310038,6.4,0.999997239,,,,,,,,,,,,,,,,,,,,,
64,1.455645481,0.65,1.727468207,1.049277692,6.5,0.99999774,,,,,,,,,,,,,,,,,,,,,
65,1.466435108,0.66,1.732864698,1.040263462,6.6,0.999998149,,,,,,,,,,,,,,,,,,,,,
66,1.477010875,0.67,1.738154331,1.03289818,6.7,0.999998485,,,,,,,,,,,,,,,,,,,,,
67,1.48737702,0.68,1.743339223,1.026880208,6.8,0.99999876,,,,,,,,,,,,,,,,,,,,,
68,1.497537698,0.69,1.748421447,1.021963087,6.9,0.999998984,,,,,,,,,,,,,,,,,,,,,
69,1.507496981,0.7,1.753403036,1.017945441,7,0.999999168,,,,,,,,,,,,,,,,,,,,,
70,1.517258862,0.71,1.758285983,1.014662732,7.1,0.999999319,,,,,,,,,,,,,,,,,,,,,
71,1.526827253,0.72,1.763072241,1.01198052,7.2,0.999999443,,,,,,,,,,,,,,,,,,,,,
72,1.53620599,0.73,1.767763725,1.009788957,7.3,0.999999544,,,,,,,,,,,,,,,,,,,,,
73,1.545398831,0.74,1.772362312,1.00799829,7.4,0.999999626,,,,,,,,,,,,,,,,,,,,,
74,1.554409461,0.75,1.77686984,1.006535186,7.5,0.999999694,,,,,,,,,,,,,,,,,,,,,
75,1.563241492,0.76,1.781288113,1.005339722,7.6,0.99999975,,,,,,,,,,,,,,,,,,,,,
76,1.571898463,0.77,1.785618899,1.004362942,7.7,0.999999795,,,,,,,,,,,,,,,,,,,,,
77,1.580383845,0.78,1.789863929,1.003564841,7.8,0.999999832,,,,,,,,,,,,,,,,,,,,,
78,1.588701039,0.79,1.794024902,1.002912735,7.9,0.999999863,,,,,,,,,,,,,,,,,,,,,
79,1.596853378,0.8,1.798103482,1.002379916,8,0.999999887,,,,,,,,,,,,,,,,,,,,,
80,1.604844129,0.81,1.802101301,1.001944565,8.1,0.999999908,,,,,,,,,,,,,,,,,,,,,
81,1.612676497,0.82,1.806019958,1.001588851,8.2,0.999999925,,,,,,,,,,,,,,,,,,,,,
82,1.620353619,0.83,1.80986102,1.001298207,8.3,0.999999938,,,,,,,,,,,,,,,,,,,,,
83,1.627878574,0.84,1.813626024,1.00106073,8.4,0.999999949,,,,,,,,,,,,,,,,,,,,,
84,1.635254376,0.85,1.817316476,1.000866693,8.5,0.999999959,,,,,,,,,,,,,,,,,,,,,
85,1.642483983,0.86,1.820933852,1.000708152,8.6,0.999999966,,,,,,,,,,,,,,,,,,,,,
86,1.649570293,0.87,1.824479599,1.000578611,8.7,0.999999972,,,,,,,,,,,,,,,,,,,,,
87,1.656516145,0.88,1.827955136,1.000472768,8.8,0.999999977,,,,,,,,,,,,,,,,,,,,,
88,1.663324324,0.89,1.831361853,1.000386286,8.9,0.999999981,,,,,,,,,,,,,,,,,,,,,
89,1.669997558,0.9,1.834701112,1.000315623,9,0.999999985,,,,,,,,,,,,,,,,,,,,,
90,1.676538522,0.91,1.837974249,1.000257887,9.1,0.999999988,,,,,,,,,,,,,,,,,,,,,
91,1.682949838,0.92,1.841182574,1.000210713,9.2,0.99999999,,,,,,,,,,,,,,,,,,,,,
92,1.689234075,0.93,1.84432737,1.000172168,9.3,0.999999992,,,,,,,,,,,,,,,,,,,,,
93,1.695393753,0.94,1.847409894,1.000140674,9.4,0.999999993,,,,,,,,,,,,,,,,,,,,,
94,1.70143134,0.95,1.850431381,1.00011494,9.5,0.999999994,,,,,,,,,,,,,,,,,,,,,
95,1.707349257,0.96,1.853393038,1.000093915,9.6,0.999999995,,,,,,,,,,,,,,,,,,,,,
96,1.713149874,0.97,1.85629605,1.000076735,9.7,0.999999996,,,,,,,,,,,,,,,,,,,,,
97,1.718835518,0.98,1.859141579,1.000062698,9.8,0.999999997,,,,,,,,,,,,,,,,,,,,,
98,1.724408467,0.99,1.861930763,1.000051229,9.9,0.999999997,,,,,,,,,,,,,,,,,,,,,
99,1.729870955,1,1.864664717,1.000041858,10,0.999999998,,,,,,,,,,,,,,,,,,,,,
100,1.735225171,1.01,1.867344535,1.332538677,10.1,2.999999998,,,,,,,,,,,,,,,,,,,,,
101,1.740473262,1.02,1.869971289,1.637562696,10.2,2.999999999,,,,,,,,,,,,,,,,,,,,,
102,1.74561733,1.03,1.87254603,1.886789528,10.3,2.999999999,,,,,,,,,,,,,,,,,,,,,
103,1.750659438,1.04,1.875069788,2.090425995,10.4,2.999999999,,,,,,,,,,,,,,,,,,,,,
104,1.755601606,1.05,1.877543572,2.256811815,10.5,2.999999999,,,,,,,,,,,,,,,,,,,,,
105,1.760445816,1.06,1.879968371,2.392761143,10.6,2.999999999,,,,,,,,,,,,,,,,,,,,,
106,1.765194009,1.07,1.882345157,2.503841643,10.7,2.999999999,,,,,,,,,,,,,,,,,,,,,
107,1.769848089,1.08,1.884674879,2.594602499,10.8,3,,,,,,,,,,,,,,,,,,,,,
108,1.77440992,1.09,1.886958469,2.668760726,10.9,3,,,,,,,,,,,,,,,,,,,,,
109,1.778881331,1.1,1.889196842,2.729353396,11,3,,,,,,,,,,,,,,,,,,,,,
110,1.783264114,1.11,1.891390891,2.77886202,11.1,3,,,,,,,,,,,,,,,,,,,,,
111,1.787560027,1.12,1.893541496,2.81931417,11.2,3,,,,,,,,,,,,,,,,,,,,,
112,1.791770791,1.13,1.895649515,2.852366522,11.3,3,,,,,,,,,,,,,,,,,,,,,
113,1.795898093,1.14,1.897715793,2.879372699,11.4,3,,,,,,,,,,,,,,,,,,,,,
114,1.799943588,1.15,1.899741156,2.901438713,11.5,3,,,,,,,,,,,,,,,,,,,,,
115,1.803908897,1.16,1.901726414,2.919468253,11.6,3,,,,,,,,,,,,,,,,,,,,,
116,1.80779561,1.17,1.903672362,2.934199699,11.7,3,,,,,,,,,,,,,,,,,,,,,
117,1.811605285,1.18,1.905579777,2.946236363,11.8,3,,,,,,,,,,,,,,,,,,,,,
118,1.815339449,1.19,1.907449422,2.956071195,11.9,3,,,,,,,,,,,,,,,,,,,,,
119,1.818999598,1.2,1.909282047,2.964106968,12,3,,,,,,,,,,,,,,,,,,,,,
120,1.822587199,1.21,1.911078383,2.970672779,12.1,3,,,,,,,,,,,,,,,,,,,,,
121,1.82610369,1.22,1.912839149,2.976037525,12.2,3,,,,,,,,,,,,,,,,,,,,,
122,1.829550481,1.23,1.914565049,2.980420914,12.3,3,,,,,,,,,,,,,,,,,,,,,
123,1.832928954,1.24,1.916256774,2.984002461,12.4,3,,,,,,,,,,,,,,,,,,,,,
124,1.836240462,1.25,1.917915001,2.986928846,12.5,3,,,,,,,,,,,,,,,,,,,,,
125,1.839486333,1.26,1.919540393,2.989319915,12.6,3,,,,,,,,,,,,,,,,,,,,,
126,1.842667867,1.27,1.9211336,2.991273593,12.7,3,,,,,,,,,,,,,,,,,,,,,
127,1.84578634,1.28,1.92269526,2.99286989,12.8,3,,,,,,,,,,,,,,,,,,,,,
128,1.848843003,1.29,1.924225996,2.994174181,12.9,3,,,,,,,,,,,,,,,,,,,,,
129,1.851839079,1.3,1.925726422,2.995239882,13,3,,,,,,,,,,,,,,,,,,,,,
130,1.85477577,1.31,1.927197137,2.996110637,13.1,3,,,,,,,,,,,,,,,,,,,,,
131,1.857654253,1.32,1.92863873,2.996822107,13.2,3,,,,,,,,,,,,,,,,,,,,,
132,1.860475682,1.33,1.930051778,2.99740343,13.3,3,,,,,,,,,,,,,,,,,,,,,
133,1.863241188,1.34,1.931436846,2.997878413,13.4,3,,,,,,,,,,,,,,,,,,,,,
134,1.865951878,1.35,1.932794487,2.998266509,13.5,3,,,,,,,,,,,,,,,,,,,,,
135,1.86860884,1.36,1.934125246,2.998583612,13.6,3,,,,,,,,,,,,,,,,,,,,,
136,1.871213139,1.37,1.935429653,2.998842708,13.7,3,,,,,,,,,,,,,,,,,,,,,
137,1.873765817,1.38,1.936708232,2.999054408,13.8,3,,,,,,,,,,,,,,,,,,,,,
138,1.8762679,1.39,1.937961493,2.999227383,13.9,3,,,,,,,,,,,,,,,,,,,,,
139,1.878720388,1.4,1.939189937,2.999368715,14,3,,,,,,,,,,,,,,,,,,,,,
140,1.881124266,1.41,1.940394057,2.999484194,14.1,3,,,,,,,,,,,,,,,,,,,,,
141,1.883480497,1.42,1.941574334,2.999578549,14.2,3,,,,,,,,,,,,,,,,,,,,,
142,1.885790025,1.43,1.94273124,2.999655644,14.3,3,,,,,,,,,,,,,,,,,,,,,
143,1.888053776,1.44,1.943865237,2.999718636,14.4,3,,,,,,,,,,,,,,,,,,,,,
144,1.890272657,1.45,1.94497678,2.999770105,14.5,3,,,,,,,,,,,,,,,,,,,,,
145,1.892447558,1.46,1.946066313,2.999812159,14.6,3,,,,,,,,,,,,,,,,,,,,,
146,1.89457935,1.47,1.947134271,2.99984652,14.7,3,,,,,,,,,,,,,,,,,,,,,
147,1.896668889,1.48,1.948181083,2.999874596,14.8,3,,,,,,,,,,,,,,,,,,,,,
148,1.89871701,1.49,1.949207166,2.999897536,14.9,3,,,,,,,,,,,,,,,,,,,,,
149,1.900724536,1.5,1.950212932,2.999916279,15,3,,,,,,,,,,,,,,,,,,,,,
150,1.90269227,1.51,1.951198782,,,,,,,,,,,,,,,,,,,,,,,,
151,1.904621003,1.52,1.952165111,,,,,,,,,,,,,,,,,,,,,,,,
152,1.906511506,1.53,1.953112305,,,,,,,,,,,,,,,,,,,,,,,,
153,1.908364537,1.54,1.954040743,,,,,,,,,,,,,,,,,,,,,,,,
154,1.91018084,1.55,1.954950798,,,,,,,,,,,,,,,,,,,,,,,,
155,1.911961141,1.56,1.955842832,,,,,,,,,,,,,,,,,,,,,,,,
156,1.913706156,1.57,1.956717202,,,,,,,,,,,,,,,,,,,,,,,,
157,1.915416582,1.58,1.957574259,,,,,,,,,,,,,,,,,,,,,,,,
158,1.917093106,1.59,1.958414345,,,,,,,,,,,,,,,,,,,,,,,,
159,1.9187364,1.6,1.959237796,,,,,,,,,,,,,,,,,,,,,,,,
160,1.920347123,1.61,1.960044942,,,,,,,,,,,,,,,,,,,,,,,,
161,1.921925919,1.62,1.960836105,,,,,,,,,,,,,,,,,,,,,,,,
162,1.923473422,1.63,1.961611602,,,,,,,,,,,,,,,,,,,,,,,,
163,1.924990252,1.64,1.962371743,,,,,,,,,,,,,,,,,,,,,,,,
164,1.926477017,1.65,1.963116833,,,,,,,,,,,,,,,,,,,,,,,,
165,1.927934313,1.66,1.963847168,,,,,,,,,,,,,,,,,,,,,,,,
166,1.929362724,1.67,1.964563042,,,,,,,,,,,,,,,,,,,,,,,,
167,1.930762822,1.68,1.965264741,,,,,,,,,,,,,,,,,,,,,,,,
168,1.932135169,1.69,1.965952545,,,,,,,,,,,,,,,,,,,,,,,,
169,1.933480315,1.7,1.96662673,,,,,,,,,,,,,,,,,,,,,,,,
170,1.934798799,1.71,1.967287565,,,,,,,,,,,,,,,,,,,,,,,,
171,1.936091149,1.72,1.967935315,,,,,,,,,,,,,,,,,,,,,,,,
172,1.937357884,1.73,1.968570238,,,,,,,,,,,,,,,,,,,,,,,,
173,1.93859951,1.74,1.969192589,,,,,,,,,,,,,,,,,,,,,,,,
174,1.939816527,1.75,1.969802617,,,,,,,,,,,,,,,,,,,,,,,,
175,1.941009421,1.76,1.970400565,,,,,,,,,,,,,,,,,,,,,,,,
176,1.94217867,1.77,1.970986673,,,,,,,,,,,,,,,,,,,,,,,,
177,1.943324744,1.78,1.971561175,,,,,,,,,,,,,,,,,,,,,,,,
178,1.944448102,1.79,1.972124302,,,,,,,,,,,,,,,,,,,,,,,,
179,1.945549194,1.8,1.972676278,,,,,,,,,,,,,,,,,,,,,,,,
180,1.946628461,1.81,1.973217324,,,,,,,,,,,,,,,,,,,,,,,,
181,1.947686336,1.82,1.973747656,,,,,,,,,,,,,,,,,,,,,,,,
182,1.948723243,1.83,1.974267487,,,,,,,,,,,,,,,,,,,,,,,,
183,1.949739597,1.84,1.974777025,,,,,,,,,,,,,,,,,,,,,,,,
184,1.950735807,1.85,1.975276474,,,,,,,,,,,,,,,,,,,,,,,,
185,1.95171227,1.86,1.975766032,,,,,,,,,,,,,,,,,,,,,,,,
186,1.952669379,1.87,1.976245897,,,,,,,,,,,,,,,,,,,,,,,,
187,1.953607517,1.88,1.97671626,,,,,,,,,,,,,,,,,,,,,,,,
188,1.954527061,1.89,1.977177309,,,,,,,,,,,,,,,,,,,,,,,,
189,1.955428378,1.9,1.977629228,,,,,,,,,,,,,,,,,,,,,,,,
190,1.95631183,1.91,1.978072199,,,,,,,,,,,,,,,,,,,,,,,,
191,1.957177771,1.92,1.978506399,,,,,,,,,,,,,,,,,,,,,,,,
192,1.958026549,1.93,1.978932,,,,,,,,,,,,,,,,,,,,,,,,
193,1.958858503,1.94,1.979349175,,,,,,,,,,,,,,,,,,,,,,,,
194,1.959673967,1.95,1.979758089,,,,,,,,,,,,,,,,,,,,,,,,
195,1.960473267,1.96,1.980158905,,,,,,,,,,,,,,,,,,,,,,,,
196,1.961256725,1.97,1.980551785,,,,,,,,,,,,,,,,,,,,,,,,
197,1.962024654,1.98,1.980936886,,,,,,,,,,,,,,,,,,,,,,,,
198,1.962777361,1.99,1.981314361,,,,,,,,,,,,,,,,,,,,,,,,
199,1.96351515,2,1.981684361,,,,,,,,,,,,,,,,,,,,,,,,
200,1.964238314,2.01,1.982047035,,,,,,,,,,,,,,,,,,,,,,,,
201,1.964947145,2.02,1.982402528,,,,,,,,,,,,,,,,,,,,,,,,
202,1.965641926,2.03,1.982750981,,,,,,,,,,,,,,,,,,,,,,,,
203,1.966322936,2.04,1.983092534,,,,,,,,,,,,,,,,,,,,,,,,
204,1.966990448,2.05,1.983427325,,,,,,,,,,,,,,,,,,,,,,,,
205,1.967644729,2.06,1.983755486,,,,,,,,,,,,,,,,,,,,,,,,
206,1.968286041,2.07,1.984077148,,,,,,,,,,,,,,,,,,,,,,,,
207,1.968914642,2.08,1.984392442,,,,,,,,,,,,,,,,,,,,,,,,
208,1.969530784,2.09,1.984701492,,,,,,,,,,,,,,,,,,,,,,,,
209,1.970134713,2.1,1.985004423,,,,,,,,,,,,,,,,,,,,,,,,
210,1.970726671,2.11,1.985301355,,,,,,,,,,,,,,,,,,,,,,,,
211,1.971306897,2.12,1.985592408,,,,,,,,,,,,,,,,,,,,,,,,
212,1.971875621,2.13,1.985877698,,,,,,,,,,,,,,,,,,,,,,,,
213,1.972433073,2.14,1.986157338,,,,,,,,,,,,,,,,,,,,,,,,
214,1.972979476,2.15,1.986431441,,,,,,,,,,,,,,,,,,,,,,,,
215,1.973515049,2.16,1.986700116,,,,,,,,,,,,,,,,,,,,,,,,
216,1.974040006,2.17,1.986963472,,,,,,,,,,,,,,,,,,,,,,,,
217,1.974554558,2.18,1.987221612,,,,,,,,,,,,,,,,,,,,,,,,
218,1.975058911,2.19,1.987474641,,,,,,,,,,,,,,,,,,,,,,,,
219,1.975553267,2.2,1.98772266,,,,,,,,,,,,,,,,,,,,,,,,
220,1.976037825,2.21,1.987965768,,,,,,,,,,,,,,,,,,,,,,,,
221,1.976512778,2.22,1.988204061,,,,,,,,,,,,,,,,,,,,,,,,
222,1.976978317,2.23,1.988437637,,,,,,,,,,,,,,,,,,,,,,,,
223,1.977434629,2.24,1.988666587,,,,,,,,,,,,,,,,,,,,,,,,
224,1.977881896,2.25,1.988891003,,,,,,,,,,,,,,,,,,,,,,,,
225,1.978320298,2.26,1.989110976,,,,,,,,,,,,,,,,,,,,,,,,
226,1.978750011,2.27,1.989326593,,,,,,,,,,,,,,,,,,,,,,,,
227,1.979171206,2.28,1.989537941,,,,,,,,,,,,,,,,,,,,,,,,
228,1.979584052,2.29,1.989745104,,,,,,,,,,,,,,,,,,,,,,,,
229,1.979988716,2.3,1.989948164,,,,,,,,,,,,,,,,,,,,,,,,
230,1.980385359,2.31,1.990147204,,,,,,,,,,,,,,,,,,,,,,,,
231,1.98077414,2.32,1.990342302,,,,,,,,,,,,,,,,,,,,,,,,
232,1.981155215,2.33,1.990533538,,,,,,,,,,,,,,,,,,,,,,,,
233,1.981528736,2.34,1.990720986,,,,,,,,,,,,,,,,,,,,,,,,
234,1.981894854,2.35,1.990904723,,,,,,,,,,,,,,,,,,,,,,,,
235,1.982253716,2.36,1.991084821,,,,,,,,,,,,,,,,,,,,,,,,
236,1.982605464,2.37,1.991261354,,,,,,,,,,,,,,,,,,,,,,,,
237,1.98295024,2.38,1.991434391,,,,,,,,,,,,,,,,,,,,,,,,
238,1.983288183,2.39,1.991604001,,,,,,,,,,,,,,,,,,,,,,,,
239,1.983619427,2.4,1.991770253,,,,,,,,,,,,,,,,,,,,,,,,
240,1.983944106,2.41,1.991933213,,,,,,,,,,,,,,,,,,,,,,,,
241,1.984262349,2.42,1.992092946,,,,,,,,,,,,,,,,,,,,,,,,
242,1.984574284,2.43,1.992249516,,,,,,,,,,,,,,,,,,,,,,,,
243,1.984880037,2.44,1.992402986,,,,,,,,,,,,,,,,,,,,,,,,
244,1.985179729,2.45,1.992553417,,,,,,,,,,,,,,,,,,,,,,,,
245,1.985473481,2.46,1.992700869,,,,,,,,,,,,,,,,,,,,,,,,
246,1.98576141,2.47,1.992845402,,,,,,,,,,,,,,,,,,,,,,,,
247,1.986043633,2.48,1.992987072,,,,,,,,,,,,,,,,,,,,,,,,
248,1.986320261,2.49,1.993125937,,,,,,,,,,,,,,,,,,,,,,,,
249,1.986591407,2.5,1.993262053,,,,,,,,,,,,,,,,,,,,,,,,
250,1.986857178,2.51,1.993395473,,,,,,,,,,,,,,,,,,,,,,,,
251,1.987117681,2.52,1.993526252,,,,,,,,,,,,,,,,,,,,,,,,
252,1.987373021,2.53,1.99365444,,,,,,,,,,,,,,,,,,,,,,,,
253,1.9876233,2.54,1.993780091,,,,,,,,,,,,,,,,,,,,,,,,
254,1.987868618,2.55,1.993903253,,,,,,,,,,,,,,,,,,,,,,,,
255,1.988109074,2.56,1.994023977,,,,,,,,,,,,,,,,,,,,,,,,
256,1.988344763,2.57,1.99414231,,,,,,,,,,,,,,,,,,,,,,,,
257,1.988575781,2.58,1.9942583,,,,,,,,,,,,,,,,,,,,,,,,
258,1.98880222,2.59,1.994371994,,,,,,,,,,,,,,,,,,,,,,,,
259,1.989024171,2.6,1.994483436,,,,,,,,,,,,,,,,,,,,,,,,
260,1.989241722,2.61,1.994592671,,,,,,,,,,,,,,,,,,,,,,,,
261,1.989454962,2.62,1.994699743,,,,,,,,,,,,,,,,,,,,,,,,
262,1.989663974,2.63,1.994804695,,,,,,,,,,,,,,,,,,,,,,,,
263,1.989868844,2.64,1.994907569,,,,,,,,,,,,,,,,,,,,,,,,
264,1.990069653,2.65,1.995008406,,,,,,,,,,,,,,,,,,,,,,,,
265,1.990266482,2.66,1.995107246,,,,,,,,,,,,,,,,,,,,,,,,
266,1.99045941,2.67,1.995204129,,,,,,,,,,,,,,,,,,,,,,,,
267,1.990648514,2.68,1.995299094,,,,,,,,,,,,,,,,,,,,,,,,
268,1.990833869,2.69,1.995392178,,,,,,,,,,,,,,,,,,,,,,,,
269,1.991015551,2.7,1.995483419,,,,,,,,,,,,,,,,,,,,,,,,
270,1.991193631,2.71,1.995572853,,,,,,,,,,,,,,,,,,,,,,,,
271,1.991368182,2.72,1.995660517,,,,,,,,,,,,,,,,,,,,,,,,
272,1.991539272,2.73,1.995746444,,,,,,,,,,,,,,,,,,,,,,,,
273,1.991706972,2.74,1.99583067,,,,,,,,,,,,,,,,,,,,,,,,
274,1.991871348,2.75,1.995913229,,,,,,,,,,,,,,,,,,,,,,,,
275,1.992032466,2.76,1.995994152,,,,,,,,,,,,,,,,,,,,,,,,
276,1.99219039,2.77,1.996073473,,,,,,,,,,,,,,,,,,,,,,,,
277,1.992345184,2.78,1.996151224,,,,,,,,,,,,,,,,,,,,,,,,
278,1.992496909,2.79,1.996227434,,,,,,,,,,,,,,,,,,,,,,,,
279,1.992645628,2.8,1.996302136,,,,,,,,,,,,,,,,,,,,,,,,
280,1.992791399,2.81,1.996375359,,,,,,,,,,,,,,,,,,,,,,,,
281,1.99293428,2.82,1.996447132,,,,,,,,,,,,,,,,,,,,,,,,
282,1.993074329,2.83,1.996517483,,,,,,,,,,,,,,,,,,,,,,,,
283,1.993211603,2.84,1.996586442,,,,,,,,,,,,,,,,,,,,,,,,
284,1.993346155,2.85,1.996654035,,,,,,,,,,,,,,,,,,,,,,,,
285,1.993478041,2.86,1.996720289,,,,,,,,,,,,,,,,,,,,,,,,
286,1.993607312,2.87,1.996785232,,,,,,,,,,,,,,,,,,,,,,,,
287,1.993734021,2.88,1.996848888,,,,,,,,,,,,,,,,,,,,,,,,
288,1.993858219,2.89,1.996911285,,,,,,,,,,,,,,,,,,,,,,,,
289,1.993979955,2.9,1.996972445,,,,,,,,,,,,,,,,,,,,,,,,
290,1.994099278,2.91,1.997032395,,,,,,,,,,,,,,,,,,,,,,,,
291,1.994216236,2.92,1.997091157,,,,,,,,,,,,,,,,,,,,,,,,
292,1.994330876,2.93,1.997148756,,,,,,,,,,,,,,,,,,,,,,,,
293,1.994443243,2.94,1.997205215,,,,,,,,,,,,,,,,,,,,,,,,
294,1.994553384,2.95,1.997260555,,,,,,,,,,,,,,,,,,,,,,,,
295,1.994661341,2.96,1.9973148,,,,,,,,,,,,,,,,,,,,,,,,
296,1.994767158,2.97,1.99736797,,,,,,,,,,,,,,,,,,,,,,,,
297,1.994870878,2.98,1.997420088,,,,,,,,,,,,,,,,,,,,,,,,
298,1.994972542,2.99,1.997471174,,,,,,,,,,,,,,,,,,,,,,,,
299,1.995072191,3,1.997521248,,,,,,,,,,,,,,,,,,,,,,,,
300,1.995169865,3.01,1.99757033,,,,,,,,,,,,,,,,,,,,,,,,
301,1.995265603,3.02,1.997618441,,,,,,,,,,,,,,,,,,,,,,,,
302,1.995359443,3.03,1.997665599,,,,,,,,,,,,,,,,,,,,,,,,
303,1.995451423,3.04,1.997711823,,,,,,,,,,,,,,,,,,,,,,,,
304,1.995541581,3.05,1.997757132,,,,,,,,,,,,,,,,,,,,,,,,
305,1.995629951,3.06,1.997801544,,,,,,,,,,,,,,,,,,,,,,,,
306,1.995716569,3.07,1.997845076,,,,,,,,,,,,,,,,,,,,,,,,
307,1.995801471,3.08,1.997887747,,,,,,,,,,,,,,,,,,,,,,,,
308,1.99588469,3.09,1.997929572,,,,,,,,,,,,,,,,,,,,,,,,
309,1.995966259,3.1,1.997970569,,,,,,,,,,,,,,,,,,,,,,,,
310,1.996046212,3.11,1.998010755,,,,,,,,,,,,,,,,,,,,,,,,
311,1.99612458,3.12,1.998050144,,,,,,,,,,,,,,,,,,,,,,,,
312,1.996201394,3.13,1.998088754,,,,,,,,,,,,,,,,,,,,,,,,
313,1.996276686,3.14,1.998126599,,,,,,,,,,,,,,,,,,,,,,,,
314,1.996350486,3.15,1.998163695,,,,,,,,,,,,,,,,,,,,,,,,
315,1.996422823,3.16,1.998200056,,,,,,,,,,,,,,,,,,,,,,,,
316,1.996493726,3.17,1.998235698,,,,,,,,,,,,,,,,,,,,,,,,
317,1.996563224,3.18,1.998270633,,,,,,,,,,,,,,,,,,,,,,,,
318,1.996631344,3.19,1.998304877,,,,,,,,,,,,,,,,,,,,,,,,
319,1.996698114,3.2,1.998338443,,,,,,,,,,,,,,,,,,,,,,,,
320,1.99676356,3.21,1.998371344,,,,,,,,,,,,,,,,,,,,,,,,
321,1.99682771,3.22,1.998403593,,,,,,,,,,,,,,,,,,,,,,,,
322,1.996890587,3.23,1.998435204,,,,,,,,,,,,,,,,,,,,,,,,
323,1.996952219,3.24,1.998466189,,,,,,,,,,,,,,,,,,,,,,,,
324,1.997012629,3.25,1.998496561,,,,,,,,,,,,,,,,,,,,,,,,
325,1.997071841,3.26,1.998526331,,,,,,,,,,,,,,,,,,,,,,,,
326,1.99712988,3.27,1.998555512,,,,,,,,,,,,,,,,,,,,,,,,
327,1.997186769,3.28,1.998584114,,,,,,,,,,,,,,,,,,,,,,,,
328,1.99724253,3.29,1.998612151,,,,,,,,,,,,,,,,,,,,,,,,
329,1.997297185,3.3,1.998639632,,,,,,,,,,,,,,,,,,,,,,,,
330,1.997350758,3.31,1.998666569,,,,,,,,,,,,,,,,,,,,,,,,
331,1.997403268,3.32,1.998692973,,,,,,,,,,,,,,,,,,,,,,,,
332,1.997454738,3.33,1.998718854,,,,,,,,,,,,,,,,,,,,,,,,
333,1.997505188,3.34,1.998744222,,,,,,,,,,,,,,,,,,,,,,,,
334,1.997554637,3.35,1.998769088,,,,,,,,,,,,,,,,,,,,,,,,
335,1.997603107,3.36,1.998793462,,,,,,,,,,,,,,,,,,,,,,,,
336,1.997650615,3.37,1.998817353,,,,,,,,,,,,,,,,,,,,,,,,
337,1.997697182,3.38,1.998840771,,,,,,,,,,,,,,,,,,,,,,,,
338,1.997742826,3.39,1.998863725,,,,,,,,,,,,,,,,,,,,,,,,
339,1.997787566,3.4,1.998886225,,,,,,,,,,,,,,,,,,,,,,,,
340,1.997831418,3.41,1.998908279,,,,,,,,,,,,,,,,,,,,,,,,
341,1.997874402,3.42,1.998929897,,,,,,,,,,,,,,,,,,,,,,,,
342,1.997916533,3.43,1.998951086,,,,,,,,,,,,,,,,,,,,,,,,
343,1.997957829,3.44,1.998971856,,,,,,,,,,,,,,,,,,,,,,,,
344,1.997998307,3.45,1.998992215,,,,,,,,,,,,,,,,,,,,,,,,
345,1.998037983,3.46,1.99901217,,,,,,,,,,,,,,,,,,,,,,,,
346,1.998076872,3.47,1.99903173,,,,,,,,,,,,,,,,,,,,,,,,
347,1.99811499,3.48,1.999050903,,,,,,,,,,,,,,,,,,,,,,,,
348,1.998152353,3.49,1.999069697,,,,,,,,,,,,,,,,,,,,,,,,
349,1.998188975,3.5,1.999088118,,,,,,,,,,,,,,,,,,,,,,,,
350,1.998224871,3.51,1.999106175,,,,,,,,,,,,,,,,,,,,,,,,
351,1.998260056,3.52,1.999123873,,,,,,,,,,,,,,,,,,,,,,,,
352,1.998294543,3.53,1.999141222,,,,,,,,,,,,,,,,,,,,,,,,
353,1.998328347,3.54,1.999158227,,,,,,,,,,,,,,,,,,,,,,,,
354,1.998361481,3.55,1.999174895,,,,,,,,,,,,,,,,,,,,,,,,
355,1.998393958,3.56,1.999191233,,,,,,,,,,,,,,,,,,,,,,,,
356,1.998425791,3.57,1.999207248,,,,,,,,,,,,,,,,,,,,,,,,
357,1.998456993,3.58,1.999222945,,,,,,,,,,,,,,,,,,,,,,,,
358,1.998487577,3.59,1.999238332,,,,,,,,,,,,,,,,,,,,,,,,
359,1.998517555,3.6,1.999253414,,,,,,,,,,,,,,,,,,,,,,,,
360,1.998546938,3.61,1.999268198,,,,,,,,,,,,,,,,,,,,,,,,
361,1.998575739,3.62,1.999282688,,,,,,,,,,,,,,,,,,,,,,,,
362,1.99860397,3.63,1.999296892,,,,,,,,,,,,,,,,,,,,,,,,
363,1.99863164,3.64,1.999310814,,,,,,,,,,,,,,,,,,,,,,,,
364,1.998658762,3.65,1.999324461,,,,,,,,,,,,,,,,,,,,,,,,
365,1.998685347,3.66,1.999337838,,,,,,,,,,,,,,,,,,,,,,,,
366,1.998711405,3.67,1.999350949,,,,,,,,,,,,,,,,,,,,,,,,
367,1.998736946,3.68,1.999363802,,,,,,,,,,,,,,,,,,,,,,,,
368,1.998761981,3.69,1.999376399,,,,,,,,,,,,,,,,,,,,,,,,
369,1.99878652,3.7,1.999388747,,,,,,,,,,,,,,,,,,,,,,,,
370,1.998810572,3.71,1.999400851,,,,,,,,,,,,,,,,,,,,,,,,
371,1.998834148,3.72,1.999412715,,,,,,,,,,,,,,,,,,,,,,,,
372,1.998857256,3.73,1.999424344,,,,,,,,,,,,,,,,,,,,,,,,
373,1.998879906,3.74,1.999435743,,,,,,,,,,,,,,,,,,,,,,,,
374,1.998902107,3.75,1.999446916,,,,,,,,,,,,,,,,,,,,,,,,
375,1.998923869,3.76,1.999457867,,,,,,,,,,,,,,,,,,,,,,,,
376,1.998945199,3.77,1.999468602,,,,,,,,,,,,,,,,,,,,,,,,
377,1.998966106,3.78,1.999479125,,,,,,,,,,,,,,,,,,,,,,,,
378,1.998986599,3.79,1.999489439,,,,,,,,,,,,,,,,,,,,,,,,
379,1.999006685,3.8,1.999499549,,,,,,,,,,,,,,,,,,,,,,,,
380,1.999026374,3.81,1.999509458,,,,,,,,,,,,,,,,,,,,,,,,
381,1.999045672,3.82,1.999519172,,,,,,,,,,,,,,,,,,,,,,,,
382,1.999064588,3.83,1.999528693,,,,,,,,,,,,,,,,,,,,,,,,
383,1.999083128,3.84,1.999538025,,,,,,,,,,,,,,,,,,,,,,,,
384,1.999101302,3.85,1.999547173,,,,,,,,,,,,,,,,,,,,,,,,
385,1.999119115,3.86,1.999556139,,,,,,,,,,,,,,,,,,,,,,,,
386,1.999136575,3.87,1.999564928,,,,,,,,,,,,,,,,,,,,,,,,
387,1.999153689,3.88,1.999573543,,,,,,,,,,,,,,,,,,,,,,,,
388,1.999170463,3.89,1.999581988,,,,,,,,,,,,,,,,,,,,,,,,
389,1.999186906,3.9,1.999590265,,,,,,,,,,,,,,,,,,,,,,,,
390,1.999203022,3.91,1.999598378,,,,,,,,,,,,,,,,,,,,,,,,
391,1.999218819,3.92,1.999606331,,,,,,,,,,,,,,,,,,,,,,,,
392,1.999234302,3.93,1.999614126,,,,,,,,,,,,,,,,,,,,,,,,
393,1.999249479,3.94,1.999621767,,,,,,,,,,,,,,,,,,,,,,,,
394,1.999264355,3.95,1.999629256,,,,,,,,,,,,,,,,,,,,,,,,
395,1.999278937,3.96,1.999636598,,,,,,,,,,,,,,,,,,,,,,,,
396,1.999293229,3.97,1.999643794,,,,,,,,,,,,,,,,,,,,,,,,
397,1.999307238,3.98,1.999650847,,,,,,,,,,,,,,,,,,,,,,,,
398,1.999320969,3.99,1.999657761,,,,,,,,,,,,,,,,,,,,,,,,
399,1.999334428,4,1.999664537,,,,,,,,,,,,,,,,,,,,,,,,
400,1.99934762,4.01,1.99967118,,,,,,,,,,,,,,,,,,,,,,,,
401,1.999360551,4.02,1.999677691,,,,,,,,,,,,,,,,,,,,,,,,
402,1.999373225,4.03,1.999684073,,,,,,,,,,,,,,,,,,,,,,,,
403,1.999385649,4.04,1.999690329,,,,,,,,,,,,,,,,,,,,,,,,
404,1.999397826,4.05,1.999696461,,,,,,,,,,,,,,,,,,,,,,,,
405,1.999409761,4.06,1.999702471,,,,,,,,,,,,,,,,,,,,,,,,
406,1.99942146,4.07,1.999708363,,,,,,,,,,,,,,,,,,,,,,,,
407,1.999432928,4.08,1.999714138,,,,,,,,,,,,,,,,,,,,,,,,
408,1.999444168,4.09,1.999719798,,,,,,,,,,,,,,,,,,,,,,,,
409,1.999455185,4.1,1.999725346,,,,,,,,,,,,,,,,,,,,,,,,
410,1.999465983,4.11,1.999730785,,,,,,,,,,,,,,,,,,,,,,,,
411,1.999476568,4.12,1.999736116,,,,,,,,,,,,,,,,,,,,,,,,
412,1.999486943,4.13,1.999741341,,,,,,,,,,,,,,,,,,,,,,,,
413,1.999497112,4.14,1.999746463,,,,,,,,,,,,,,,,,,,,,,,,
414,1.99950708,4.15,1.999751483,,,,,,,,,,,,,,,,,,,,,,,,
415,1.99951685,4.16,1.999756404,,,,,,,,,,,,,,,,,,,,,,,,
416,1.999526427,4.17,1.999761228,,,,,,,,,,,,,,,,,,,,,,,,
417,1.999535813,4.18,1.999765956,,,,,,,,,,,,,,,,,,,,,,,,
418,1.999545014,4.19,1.99977059,,,,,,,,,,,,,,,,,,,,,,,,
419,1.999554032,4.2,1.999775133,,,,,,,,,,,,,,,,,,,,,,,,
420,1.999562872,4.21,1.999779585,,,,,,,,,,,,,,,,,,,,,,,,
421,1.999571536,4.22,1.99978395,,,,,,,,,,,,,,,,,,,,,,,,
422,1.999580029,4.23,1.999788228,,,,,,,,,,,,,,,,,,,,,,,,
423,1.999588353,4.24,1.999792421,,,,,,,,,,,,,,,,,,,,,,,,
424,1.999596512,4.25,1.999796532,,,,,,,,,,,,,,,,,,,,,,,,
425,1.99960451,4.26,1.999800561,,,,,,,,,,,,,,,,,,,,,,,,
426,1.999612349,4.27,1.99980451,,,,,,,,,,,,,,,,,,,,,,,,
427,1.999620032,4.28,1.999808381,,,,,,,,,,,,,,,,,,,,,,,,
428,1.999627564,4.29,1.999812175,,,,,,,,,,,,,,,,,,,,,,,,
429,1.999634946,4.3,1.999815894,,,,,,,,,,,,,,,,,,,,,,,,
430,1.999642181,4.31,1.99981954,,,,,,,,,,,,,,,,,,,,,,,,
431,1.999649274,4.32,1.999823113,,,,,,,,,,,,,,,,,,,,,,,,
432,1.999656225,4.33,1.999826616,,,,,,,,,,,,,,,,,,,,,,,,
433,1.999663039,4.34,1.999830049,,,,,,,,,,,,,,,,,,,,,,,,
434,1.999669718,4.35,1.999833414,,,,,,,,,,,,,,,,,,,,,,,,
435,1.999676265,4.36,1.999836713,,,,,,,,,,,,,,,,,,,,,,,,
436,1.999682681,4.37,1.999839946,,,,,,,,,,,,,,,,,,,,,,,,
437,1.999688971,4.38,1.999843115,,,,,,,,,,,,,,,,,,,,,,,,
438,1.999695136,4.39,1.999846222,,,,,,,,,,,,,,,,,,,,,,,,
439,1.999701179,4.4,1.999849267,,,,,,,,,,,,,,,,,,,,,,,,
440,1.999707102,4.41,1.999852252,,,,,,,,,,,,,,,,,,,,,,,,
441,1.999712907,4.42,1.999855177,,,,,,,,,,,,,,,,,,,,,,,,
442,1.999718598,4.43,1.999858045,,,,,,,,,,,,,,,,,,,,,,,,
443,1.999724175,4.44,1.999860856,,,,,,,,,,,,,,,,,,,,,,,,
444,1.999729642,4.45,1.999863611,,,,,,,,,,,,,,,,,,,,,,,,
445,1.999735001,4.46,1.999866312,,,,,,,,,,,,,,,,,,,,,,,,
446,1.999740254,4.47,1.999868959,,,,,,,,,,,,,,,,,,,,,,,,
447,1.999745402,4.48,1.999871554,,,,,,,,,,,,,,,,,,,,,,,,
448,1.999750448,4.49,1.999874097,,,,,,,,,,,,,,,,,,,,,,,,
449,1.999755395,4.5,1.99987659,,,,,,,,,,,,,,,,,,,,,,,,
450,1.999760243,4.51,1.999879034,,,,,,,,,,,,,,,,,,,,,,,,
451,1.999764995,4.52,1.999881429,,,,,,,,,,,,,,,,,,,,,,,,
452,1.999769653,4.53,1.999883777,,,,,,,,,,,,,,,,,,,,,,,,
453,1.999774219,4.54,1.999886078,,,,,,,,,,,,,,,,,,,,,,,,
454,1.999778694,4.55,1.999888334,,,,,,,,,,,,,,,,,,,,,,,,
455,1.999783081,4.56,1.999890545,,,,,,,,,,,,,,,,,,,,,,,,
456,1.99978738,4.57,1.999892713,,,,,,,,,,,,,,,,,,,,,,,,
457,1.999791595,4.58,1.999894837,,,,,,,,,,,,,,,,,,,,,,,,
458,1.999795725,4.59,1.999896919,,,,,,,,,,,,,,,,,,,,,,,,
459,1.999799774,4.6,1.999898961,,,,,,,,,,,,,,,,,,,,,,,,
460,1.999803743,4.61,1.999900961,,,,,,,,,,,,,,,,,,,,,,,,
461,1.999807633,4.62,1.999902922,,,,,,,,,,,,,,,,,,,,,,,,
462,1.999811446,4.63,1.999904845,,,,,,,,,,,,,,,,,,,,,,,,
463,1.999815183,4.64,1.999906729,,,,,,,,,,,,,,,,,,,,,,,,
464,1.999818846,4.65,1.999908576,,,,,,,,,,,,,,,,,,,,,,,,
465,1.999822437,4.66,1.999910386,,,,,,,,,,,,,,,,,,,,,,,,
466,1.999825957,4.67,1.999912161,,,,,,,,,,,,,,,,,,,,,,,,
467,1.999829406,4.68,1.9999139,,,,,,,,,,,,,,,,,,,,,,,,
468,1.999832788,4.69,1.999915605,,,,,,,,,,,,,,,,,,,,,,,,
469,1.999836102,4.7,1.999917276,,,,,,,,,,,,,,,,,,,,,,,,
470,1.99983935,4.71,1.999918914,,,,,,,,,,,,,,,,,,,,,,,,
471,1.999842535,4.72,1.99992052,,,,,,,,,,,,,,,,,,,,,,,,
472,1.999845656,4.73,1.999922093,,,,,,,,,,,,,,,,,,,,,,,,
473,1.999848715,4.74,1.999923636,,,,,,,,,,,,,,,,,,,,,,,,
474,1.999851714,4.75,1.999925148,,,,,,,,,,,,,,,,,,,,,,,,
475,1.999854653,4.76,1.99992663,,,,,,,,,,,,,,,,,,,,,,,,
476,1.999857534,4.77,1.999928083,,,,,,,,,,,,,,,,,,,,,,,,
477,1.999860358,4.78,1.999929507,,,,,,,,,,,,,,,,,,,,,,,,
478,1.999863125,4.79,1.999930903,,,,,,,,,,,,,,,,,,,,,,,,
479,1.999865838,4.8,1.999932271,,,,,,,,,,,,,,,,,,,,,,,,
480,1.999868498,4.81,1.999933612,,,,,,,,,,,,,,,,,,,,,,,,
481,1.999871104,4.82,1.999934927,,,,,,,,,,,,,,,,,,,,,,,,
482,1.999873659,4.83,1.999936215,,,,,,,,,,,,,,,,,,,,,,,,
483,1.999876163,4.84,1.999937478,,,,,,,,,,,,,,,,,,,,,,,,
484,1.999878618,4.85,1.999938717,,,,,,,,,,,,,,,,,,,,,,,,
485,1.999881024,4.86,1.99993993,,,,,,,,,,,,,,,,,,,,,,,,
486,1.999883382,4.87,1.999941119,,,,,,,,,,,,,,,,,,,,,,,,
487,1.999885693,4.88,1.999942285,,,,,,,,,,,,,,,,,,,,,,,,
488,1.999887959,4.89,1.999943428,,,,,,,,,,,,,,,,,,,,,,,,
489,1.99989018,4.9,1.999944548,,,,,,,,,,,,,,,,,,,,,,,,
490,1.999892357,4.91,1.999945646,,,,,,,,,,,,,,,,,,,,,,,,
491,1.99989449,4.92,1.999946723,,,,,,,,,,,,,,,,,,,,,,,,
492,1.999896581,4.93,1.999947778,,,,,,,,,,,,,,,,,,,,,,,,
493,1.999898631,4.94,1.999948812,,,,,,,,,,,,,,,,,,,,,,,,
494,1.999900641,4.95,1.999949825,,,,,,,,,,,,,,,,,,,,,,,,
495,1.99990261,4.96,1.999950819,,,,,,,,,,,,,,,,,,,,,,,,
496,1.99990454,4.97,1.999951793,,,,,,,,,,,,,,,,,,,,,,,,
497,1.999906432,4.98,1.999952747,,,,,,,,,,,,,,,,,,,,,,,,
498,1.999908287,4.99,1.999953683,,,,,,,,,,,,,,,,,,,,,,,,
499,1.999910105,5,1.9999546,,,,,,,,,,,,,,,,,,,,,,,,
500,1.98009093,5.01,0.999955499,,,,,,,,,,,,,,,,,,,,,,,,
501,1.96066459,5.02,0.99995638,,,,,,,,,,,,,,,,,,,,,,,,
502,1.941623299,5.03,0.999957244,,,,,,,,,,,,,,,,,,,,,,,,
503,1.922959424,5.04,0.999958091,,,,,,,,,,,,,,,,,,,,,,,,
504,1.904665486,5.05,0.99995892,,,,,,,,,,,,,,,,,,,,,,,,
505,1.88673415,5.06,0.999959734,,,,,,,,,,,,,,,,,,,,,,,,
506,1.869158231,5.07,0.999960531,,,,,,,,,,,,,,,,,,,,,,,,
507,1.851930683,5.08,0.999961313,,,,,,,,,,,,,,,,,,,,,,,,
508,1.835044602,5.09,0.999962079,,,,,,,,,,,,,,,,,,,,,,,,
509,1.818493219,5.1,0.99996283,,,,,,,,,,,,,,,,,,,,,,,,
510,1.802269901,5.11,0.999963566,,,,,,,,,,,,,,,,,,,,,,,,
511,1.786368144,5.12,0.999964287,,,,,,,,,,,,,,,,,,,,,,,,
512,1.770781575,5.13,0.999964994,,,,,,,,,,,,,,,,,,,,,,,,
513,1.755503947,5.14,0.999965687,,,,,,,,,,,,,,,,,,,,,,,,
514,1.740529136,5.15,0.999966367,,,,,,,,,,,,,,,,,,,,,,,,
515,1.72585114,5.16,0.999967033,,,,,,,,,,,,,,,,,,,,,,,,
516,1.711464076,5.17,0.999967686,,,,,,,,,,,,,,,,,,,,,,,,
517,1.697362177,5.18,0.999968326,,,,,,,,,,,,,,,,,,,,,,,,
518,1.683539792,5.19,0.999968953,,,,,,,,,,,,,,,,,,,,,,,,
519,1.669991379,5.2,0.999969568,,,,,,,,,,,,,,,,,,,,,,,,
520,1.656711509,5.21,0.99997017,,,,,,,,,,,,,,,,,,,,,,,,
521,1.643694859,5.22,0.999970761,,,,,,,,,,,,,,,,,,,,,,,,
522,1.630936211,5.23,0.99997134,,,,,,,,,,,,,,,,,,,,,,,,
523,1.618430452,5.24,0.999971907,,,,,,,,,,,,,,,,,,,,,,,,
524,1.606172569,5.25,0.999972464,,,,,,,,,,,,,,,,,,,,,,,,
525,1.594157648,5.26,0.999973009,,,,,,,,,,,,,,,,,,,,,,,,
526,1.582380875,5.27,0.999973543,,,,,,,,,,,,,,,,,,,,,,,,
527,1.570837529,5.28,0.999974067,,,,,,,,,,,,,,,,,,,,,,,,
528,1.559522983,5.29,0.999974581,,,,,,,,,,,,,,,,,,,,,,,,
529,1.548432703,5.3,0.999975084,,,,,,,,,,,,,,,,,,,,,,,,
530,1.537562242,5.31,0.999975577,,,,,,,,,,,,,,,,,,,,,,,,
531,1.526907244,5.32,0.999976061,,,,,,,,,,,,,,,,,,,,,,,,
532,1.516463438,5.33,0.999976535,,,,,,,,,,,,,,,,,,,,,,,,
533,1.506226639,5.34,0.999977,,,,,,,,,,,,,,,,,,,,,,,,
534,1.496192743,5.35,0.999977455,,,,,,,,,,,,,,,,,,,,,,,,
535,1.486357728,5.36,0.999977901,,,,,,,,,,,,,,,,,,,,,,,,
536,1.476717652,5.37,0.999978339,,,,,,,,,,,,,,,,,,,,,,,,
537,1.467268652,5.38,0.999978768,,,,,,,,,,,,,,,,,,,,,,,,
538,1.458006941,5.39,0.999979188,,,,,,,,,,,,,,,,,,,,,,,,
539,1.448928805,5.4,0.9999796,,,,,,,,,,,,,,,,,,,,,,,,
540,1.440030607,5.41,0.999980004,,,,,,,,,,,,,,,,,,,,,,,,
541,1.431308779,5.42,0.9999804,,,,,,,,,,,,,,,,,,,,,,,,
542,1.422759826,5.43,0.999980788,,,,,,,,,,,,,,,,,,,,,,,,
543,1.414380322,5.44,0.999981169,,,,,,,,,,,,,,,,,,,,,,,,
544,1.406166908,5.45,0.999981542,,,,,,,,,,,,,,,,,,,,,,,,
545,1.398116291,5.46,0.999981907,,,,,,,,,,,,,,,,,,,,,,,,
546,1.390225245,5.47,0.999982266,,,,,,,,,,,,,,,,,,,,,,,,
547,1.382490608,5.48,0.999982617,,,,,,,,,,,,,,,,,,,,,,,,
548,1.374909278,5.49,0.999982961,,,,,,,,,,,,,,,,,,,,,,,,
549,1.367478217,5.5,0.999983298,,,,,,,,,,,,,,,,,,,,,,,,
550,1.360194448,5.51,0.999983629,,,,,,,,,,,,,,,,,,,,,,,,
551,1.353055049,5.52,0.999983953,,,,,,,,,,,,,,,,,,,,,,,,
552,1.34605716,5.53,0.999984271,,,,,,,,,,,,,,,,,,,,,,,,
553,1.339197976,5.54,0.999984582,,,,,,,,,,,,,,,,,,,,,,,,
554,1.332474748,5.55,0.999984888,,,,,,,,,,,,,,,,,,,,,,,,
555,1.32588478,5.56,0.999985187,,,,,,,,,,,,,,,,,,,,,,,,
556,1.319425432,5.57,0.99998548,,,,,,,,,,,,,,,,,,,,,,,,
557,1.313094115,5.58,0.999985768,,,,,,,,,,,,,,,,,,,,,,,,
558,1.30688829,5.59,0.99998605,,,,,,,,,,,,,,,,,,,,,,,,
559,1.30080547,5.6,0.999986326,,,,,,,,,,,,,,,,,,,,,,,,
560,1.294843218,5.61,0.999986597,,,,,,,,,,,,,,,,,,,,,,,,
561,1.288999143,5.62,0.999986862,,,,,,,,,,,,,,,,,,,,,,,,
562,1.283270904,5.63,0.999987122,,,,,,,,,,,,,,,,,,,,,,,,
563,1.277656204,5.64,0.999987377,,,,,,,,,,,,,,,,,,,,,,,,
564,1.272152792,5.65,0.999987627,,,,,,,,,,,,,,,,,,,,,,,,
565,1.266758463,5.66,0.999987872,,,,,,,,,,,,,,,,,,,,,,,,
566,1.261471055,5.67,0.999988112,,,,,,,,,,,,,,,,,,,,,,,,
567,1.256288449,5.68,0.999988348,,,,,,,,,,,,,,,,,,,,,,,,
568,1.251208567,5.69,0.999988578,,,,,,,,,,,,,,,,,,,,,,,,
569,1.246229373,5.7,0.999988805,,,,,,,,,,,,,,,,,,,,,,,,
570,1.241348871,5.71,0.999989026,,,,,,,,,,,,,,,,,,,,,,,,
571,1.236565105,5.72,0.999989243,,,,,,,,,,,,,,,,,,,,,,,,
572,1.231876159,5.73,0.999989456,,,,,,,,,,,,,,,,,,,,,,,,
573,1.227280151,5.74,0.999989665,,,,,,,,,,,,,,,,,,,,,,,,
574,1.222775241,5.75,0.99998987,,,,,,,,,,,,,,,,,,,,,,,,
575,1.218359623,5.76,0.99999007,,,,,,,,,,,,,,,,,,,,,,,,
576,1.214031526,5.77,0.999990267,,,,,,,,,,,,,,,,,,,,,,,,
577,1.209789217,5.78,0.99999046,,,,,,,,,,,,,,,,,,,,,,,,
578,1.205630994,5.79,0.999990649,,,,,,,,,,,,,,,,,,,,,,,,
579,1.201555191,5.8,0.999990834,,,,,,,,,,,,,,,,,,,,,,,,
580,1.197560174,5.81,0.999991015,,,,,,,,,,,,,,,,,,,,,,,,
581,1.193644342,5.82,0.999991193,,,,,,,,,,,,,,,,,,,,,,,,
582,1.189806126,5.83,0.999991368,,,,,,,,,,,,,,,,,,,,,,,,
583,1.186043987,5.84,0.999991539,,,,,,,,,,,,,,,,,,,,,,,,
584,1.182356417,5.85,0.999991706,,,,,,,,,,,,,,,,,,,,,,,,
585,1.178741939,5.86,0.99999187,,,,,,,,,,,,,,,,,,,,,,,,
586,1.175199103,5.87,0.999992031,,,,,,,,,,,,,,,,,,,,,,,,
587,1.171726489,5.88,0.999992189,,,,,,,,,,,,,,,,,,,,,,,,
588,1.168322705,5.89,0.999992344,,,,,,,,,,,,,,,,,,,,,,,,
589,1.164986388,5.9,0.999992495,,,,,,,,,,,,,,,,,,,,,,,,
590,1.1617162,5.91,0.999992644,,,,,,,,,,,,,,,,,,,,,,,,
591,1.158510831,5.92,0.99999279,,,,,,,,,,,,,,,,,,,,,,,,
592,1.155368994,5.93,0.999992932,,,,,,,,,,,,,,,,,,,,,,,,
593,1.152289432,5.94,0.999993072,,,,,,,,,,,,,,,,,,,,,,,,
594,1.14927091,5.95,0.99999321,,,,,,,,,,,,,,,,,,,,,,,,
595,1.146312218,5.96,0.999993344,,,,,,,,,,,,,,,,,,,,,,,,
596,1.14341217,5.97,0.999993476,,,,,,,,,,,,,,,,,,,,,,,,
597,1.140569603,5.98,0.999993605,,,,,,,,,,,,,,,,,,,,,,,,
598,1.137783379,5.99,0.999993732,,,,,,,,,,,,,,,,,,,,,,,,
599,1.135052381,6,0.999993856,,,,,,,,,,,,,,,,,,,,,,,,
600,1.132375513,6.01,0.999993977,,,,,,,,,,,,,,,,,,,,,,,,
601,1.129751704,6.02,0.999994097,,,,,,,,,,,,,,,,,,,,,,,,
602,1.127179901,6.03,0.999994214,,,,,,,,,,,,,,,,,,,,,,,,
603,1.124659074,6.04,0.999994328,,,,,,,,,,,,,,,,,,,,,,,,
604,1.122188212,6.05,0.99999444,,,,,,,,,,,,,,,,,,,,,,,,
605,1.119766325,6.06,0.999994551,,,,,,,,,,,,,,,,,,,,,,,,
606,1.117392441,6.07,0.999994658,,,,,,,,,,,,,,,,,,,,,,,,
607,1.115065611,6.08,0.999994764,,,,,,,,,,,,,,,,,,,,,,,,
608,1.1127849,6.09,0.999994868,,,,,,,,,,,,,,,,,,,,,,,,
609,1.110549396,6.1,0.99999497,,,,,,,,,,,,,,,,,,,,,,,,
610,1.108358201,6.11,0.999995069,,,,,,,,,,,,,,,,,,,,,,,,
611,1.106210438,6.12,0.999995167,,,,,,,,,,,,,,,,,,,,,,,,
612,1.104105245,6.13,0.999995262,,,,,,,,,,,,,,,,,,,,,,,,
613,1.10204178,6.14,0.999995356,,,,,,,,,,,,,,,,,,,,,,,,
614,1.100019214,6.15,0.999995448,,,,,,,,,,,,,,,,,,,,,,,,
615,1.098036738,6.16,0.999995538,,,,,,,,,,,,,,,,,,,,,,,,
616,1.096093556,6.17,0.999995627,,,,,,,,,,,,,,,,,,,,,,,,
617,1.094188889,6.18,0.999995713,,,,,,,,,,,,,,,,,,,,,,,,
618,1.092321976,6.19,0.999995798,,,,,,,,,,,,,,,,,,,,,,,,
619,1.090492066,6.2,0.999995881,,,,,,,,,,,,,,,,,,,,,,,,
620,1.088698426,6.21,0.999995963,,,,,,,,,,,,,,,,,,,,,,,,
621,1.086940339,6.22,0.999996043,,,,,,,,,,,,,,,,,,,,,,,,
622,1.085217098,6.23,0.999996121,,,,,,,,,,,,,,,,,,,,,,,,
623,1.083528014,6.24,0.999996198,,,,,,,,,,,,,,,,,,,,,,,,
624,1.081872408,6.25,0.999996273,,,,,,,,,,,,,,,,,,,,,,,,
625,1.080249619,6.26,0.999996347,,,,,,,,,,,,,,,,,,,,,,,,
626,1.078658995,6.27,0.999996419,,,,,,,,,,,,,,,,,,,,,,,,
627,1.077099898,6.28,0.99999649,,,,,,,,,,,,,,,,,,,,,,,,
628,1.075571705,6.29,0.99999656,,,,,,,,,,,,,,,,,,,,,,,,
629,1.074073801,6.3,0.999996628,,,,,,,,,,,,,,,,,,,,,,,,
630,1.072605587,6.31,0.999996695,,,,,,,,,,,,,,,,,,,,,,,,
631,1.071166475,6.32,0.99999676,,,,,,,,,,,,,,,,,,,,,,,,
632,1.069755888,6.33,0.999996824,,,,,,,,,,,,,,,,,,,,,,,,
633,1.068373259,6.34,0.999996887,,,,,,,,,,,,,,,,,,,,,,,,
634,1.067018036,6.35,0.999996949,,,,,,,,,,,,,,,,,,,,,,,,
635,1.065689674,6.36,0.999997009,,,,,,,,,,,,,,,,,,,,,,,,
636,1.064387642,6.37,0.999997069,,,,,,,,,,,,,,,,,,,,,,,,
637,1.063111417,6.38,0.999997127,,,,,,,,,,,,,,,,,,,,,,,,
638,1.061860489,6.39,0.999997183,,,,,,,,,,,,,,,,,,,,,,,,
639,1.060634355,6.4,0.999997239,,,,,,,,,,,,,,,,,,,,,,,,
640,1.059432524,6.41,0.999997294,,,,,,,,,,,,,,,,,,,,,,,,
641,1.058254514,6.42,0.999997347,,,,,,,,,,,,,,,,,,,,,,,,
642,1.057099854,6.43,0.9999974,,,,,,,,,,,,,,,,,,,,,,,,
643,1.05596808,6.44,0.999997451,,,,,,,,,,,,,,,,,,,,,,,,
644,1.054858739,6.45,0.999997502,,,,,,,,,,,,,,,,,,,,,,,,
645,1.053771387,6.46,0.999997551,,,,,,,,,,,,,,,,,,,,,,,,
646,1.052705586,6.47,0.9999976,,,,,,,,,,,,,,,,,,,,,,,,
647,1.051660911,6.48,0.999997647,,,,,,,,,,,,,,,,,,,,,,,,
648,1.050636943,6.49,0.999997694,,,,,,,,,,,,,,,,,,,,,,,,
649,1.04963327,6.5,0.99999774,,,,,,,,,,,,,,,,,,,,,,,,
650,1.048649491,6.51,0.999997784,,,,,,,,,,,,,,,,,,,,,,,,
651,1.047685212,6.52,0.999997828,,,,,,,,,,,,,,,,,,,,,,,,
652,1.046740045,6.53,0.999997871,,,,,,,,,,,,,,,,,,,,,,,,
653,1.045813613,6.54,0.999997913,,,,,,,,,,,,,,,,,,,,,,,,
654,1.044905543,6.55,0.999997955,,,,,,,,,,,,,,,,,,,,,,,,
655,1.044015472,6.56,0.999997995,,,,,,,,,,,,,,,,,,,,,,,,
656,1.043143043,6.57,0.999998035,,,,,,,,,,,,,,,,,,,,,,,,
657,1.042287907,6.58,0.999998074,,,,,,,,,,,,,,,,,,,,,,,,
658,1.04144972,6.59,0.999998112,,,,,,,,,,,,,,,,,,,,,,,,
659,1.040628147,6.6,0.999998149,,,,,,,,,,,,,,,,,,,,,,,,
660,1.039822858,6.61,0.999998186,,,,,,,,,,,,,,,,,,,,,,,,
661,1.039033531,6.62,0.999998222,,,,,,,,,,,,,,,,,,,,,,,,
662,1.038259849,6.63,0.999998257,,,,,,,,,,,,,,,,,,,,,,,,
663,1.037501503,6.64,0.999998292,,,,,,,,,,,,,,,,,,,,,,,,
664,1.036758187,6.65,0.999998326,,,,,,,,,,,,,,,,,,,,,,,,
665,1.036029604,6.66,0.999998359,,,,,,,,,,,,,,,,,,,,,,,,
666,1.035315463,6.67,0.999998391,,,,,,,,,,,,,,,,,,,,,,,,
667,1.034615477,6.68,0.999998423,,,,,,,,,,,,,,,,,,,,,,,,
668,1.033929365,6.69,0.999998454,,,,,,,,,,,,,,,,,,,,,,,,
669,1.033256853,6.7,0.999998485,,,,,,,,,,,,,,,,,,,,,,,,
670,1.03259767,6.71,0.999998515,,,,,,,,,,,,,,,,,,,,,,,,
671,1.031951553,6.72,0.999998544,,,,,,,,,,,,,,,,,,,,,,,,
672,1.031318243,6.73,0.999998573,,,,,,,,,,,,,,,,,,,,,,,,
673,1.030697485,6.74,0.999998601,,,,,,,,,,,,,,,,,,,,,,,,
674,1.030089032,6.75,0.999998629,,,,,,,,,,,,,,,,,,,,,,,,
675,1.029492638,6.76,0.999998656,,,,,,,,,,,,,,,,,,,,,,,,
676,1.028908066,6.77,0.999998683,,,,,,,,,,,,,,,,,,,,,,,,
677,1.02833508,6.78,0.999998709,,,,,,,,,,,,,,,,,,,,,,,,
678,1.027773452,6.79,0.999998734,,,,,,,,,,,,,,,,,,,,,,,,
679,1.027222956,6.8,0.99999876,,,,,,,,,,,,,,,,,,,,,,,,
680,1.026683371,6.81,0.999998784,,,,,,,,,,,,,,,,,,,,,,,,
681,1.026154481,6.82,0.999998808,,,,,,,,,,,,,,,,,,,,,,,,
682,1.025636074,6.83,0.999998832,,,,,,,,,,,,,,,,,,,,,,,,
683,1.025127942,6.84,0.999998855,,,,,,,,,,,,,,,,,,,,,,,,
684,1.024629882,6.85,0.999998878,,,,,,,,,,,,,,,,,,,,,,,,
685,1.024141695,6.86,0.9999989,,,,,,,,,,,,,,,,,,,,,,,,
686,1.023663183,6.87,0.999998922,,,,,,,,,,,,,,,,,,,,,,,,
687,1.023194156,6.88,0.999998943,,,,,,,,,,,,,,,,,,,,,,,,
688,1.022734426,6.89,0.999998964,,,,,,,,,,,,,,,,,,,,,,,,
689,1.022283808,6.9,0.999998984,,,,,,,,,,,,,,,,,,,,,,,,
690,1.021842121,6.91,0.999999004,,,,,,,,,,,,,,,,,,,,,,,,
691,1.02140919,6.92,0.999999024,,,,,,,,,,,,,,,,,,,,,,,,
692,1.020984839,6.93,0.999999044,,,,,,,,,,,,,,,,,,,,,,,,
693,1.020568899,6.94,0.999999062,,,,,,,,,,,,,,,,,,,,,,,,
694,1.020161204,6.95,0.999999081,,,,,,,,,,,,,,,,,,,,,,,,
695,1.01976159,6.96,0.999999099,,,,,,,,,,,,,,,,,,,,,,,,
696,1.019369896,6.97,0.999999117,,,,,,,,,,,,,,,,,,,,,,,,
697,1.018985966,6.98,0.999999135,,,,,,,,,,,,,,,,,,,,,,,,
698,1.018609646,6.99,0.999999152,,,,,,,,,,,,,,,,,,,,,,,,
699,1.018240785,7,0.999999168,,,,,,,,,,,,,,,,,,,,,,,,
700,1.017879236,7.01,0.999999185,,,,,,,,,,,,,,,,,,,,,,,,
701,1.017524852,7.02,0.999999201,,,,,,,,,,,,,,,,,,,,,,,,
702,1.017177493,7.03,0.999999217,,,,,,,,,,,,,,,,,,,,,,,,
703,1.016837018,7.04,0.999999232,,,,,,,,,,,,,,,,,,,,,,,,
704,1.016503292,7.05,0.999999248,,,,,,,,,,,,,,,,,,,,,,,,
705,1.016176181,7.06,0.999999263,,,,,,,,,,,,,,,,,,,,,,,,
706,1.015855554,7.07,0.999999277,,,,,,,,,,,,,,,,,,,,,,,,
707,1.015541282,7.08,0.999999291,,,,,,,,,,,,,,,,,,,,,,,,
708,1.015233239,7.09,0.999999305,,,,,,,,,,,,,,,,,,,,,,,,
709,1.014931301,7.1,0.999999319,,,,,,,,,,,,,,,,,,,,,,,,
710,1.014635349,7.11,0.999999333,,,,,,,,,,,,,,,,,,,,,,,,
711,1.014345262,7.12,0.999999346,,,,,,,,,,,,,,,,,,,,,,,,
712,1.014060925,7.13,0.999999359,,,,,,,,,,,,,,,,,,,,,,,,
713,1.013782224,7.14,0.999999372,,,,,,,,,,,,,,,,,,,,,,,,
714,1.013509047,7.15,0.999999384,,,,,,,,,,,,,,,,,,,,,,,,
715,1.013241285,7.16,0.999999396,,,,,,,,,,,,,,,,,,,,,,,,
716,1.01297883,7.17,0.999999408,,,,,,,,,,,,,,,,,,,,,,,,
717,1.012721577,7.18,0.99999942,,,,,,,,,,,,,,,,,,,,,,,,
718,1.012469424,7.19,0.999999431,,,,,,,,,,,,,,,,,,,,,,,,
719,1.012222268,7.2,0.999999443,,,,,,,,,,,,,,,,,,,,,,,,
720,1.011980011,7.21,0.999999454,,,,,,,,,,,,,,,,,,,,,,,,
721,1.011742555,7.22,0.999999464,,,,,,,,,,,,,,,,,,,,,,,,
722,1.011509807,7.23,0.999999475,,,,,,,,,,,,,,,,,,,,,,,,
723,1.011281671,7.24,0.999999485,,,,,,,,,,,,,,,,,,,,,,,,
724,1.011058058,7.25,0.999999496,,,,,,,,,,,,,,,,,,,,,,,,
725,1.010838876,7.26,0.999999506,,,,,,,,,,,,,,,,,,,,,,,,
726,1.01062404,7.27,0.999999515,,,,,,,,,,,,,,,,,,,,,,,,
727,1.010413461,7.28,0.999999525,,,,,,,,,,,,,,,,,,,,,,,,
728,1.010207056,7.29,0.999999534,,,,,,,,,,,,,,,,,,,,,,,,
729,1.010004743,7.3,0.999999544,,,,,,,,,,,,,,,,,,,,,,,,
730,1.009806439,7.31,0.999999553,,,,,,,,,,,,,,,,,,,,,,,,
731,1.009612066,7.32,0.999999562,,,,,,,,,,,,,,,,,,,,,,,,
732,1.009421546,7.33,0.99999957,,,,,,,,,,,,,,,,,,,,,,,,
733,1.009234802,7.34,0.999999579,,,,,,,,,,,,,,,,,,,,,,,,
734,1.009051759,7.35,0.999999587,,,,,,,,,,,,,,,,,,,,,,,,
735,1.008872344,7.36,0.999999595,,,,,,,,,,,,,,,,,,,,,,,,
736,1.008696486,7.37,0.999999603,,,,,,,,,,,,,,,,,,,,,,,,
737,1.008524113,7.38,0.999999611,,,,,,,,,,,,,,,,,,,,,,,,
738,1.008355157,7.39,0.999999619,,,,,,,,,,,,,,,,,,,,,,,,
739,1.00818955,7.4,0.999999626,,,,,,,,,,,,,,,,,,,,,,,,
740,1.008027225,7.41,0.999999634,,,,,,,,,,,,,,,,,,,,,,,,
741,1.007868118,7.42,0.999999641,,,,,,,,,,,,,,,,,,,,,,,,
742,1.007712165,7.43,0.999999648,,,,,,,,,,,,,,,,,,,,,,,,
743,1.007559302,7.44,0.999999655,,,,,,,,,,,,,,,,,,,,,,,,
744,1.007409469,7.45,0.999999662,,,,,,,,,,,,,,,,,,,,,,,,
745,1.007262607,7.46,0.999999669,,,,,,,,,,,,,,,,,,,,,,,,
746,1.007118655,7.47,0.999999675,,,,,,,,,,,,,,,,,,,,,,,,
747,1.006977556,7.48,0.999999682,,,,,,,,,,,,,,,,,,,,,,,,
748,1.006839254,7.49,0.999999688,,,,,,,,,,,,,,,,,,,,,,,,
749,1.006703694,7.5,0.999999694,,,,,,,,,,,,,,,,,,,,,,,,
750,1.00657082,7.51,0.9999997,,,,,,,,,,,,,,,,,,,,,,,,
751,1.00644058,7.52,0.999999706,,,,,,,,,,,,,,,,,,,,,,,,
752,1.006312922,7.53,0.999999712,,,,,,,,,,,,,,,,,,,,,,,,
753,1.006187794,7.54,0.999999718,,,,,,,,,,,,,,,,,,,,,,,,
754,1.006065146,7.55,0.999999723,,,,,,,,,,,,,,,,,,,,,,,,
755,1.005944929,7.56,0.999999729,,,,,,,,,,,,,,,,,,,,,,,,
756,1.005827095,7.57,0.999999734,,,,,,,,,,,,,,,,,,,,,,,,
757,1.005711596,7.58,0.999999739,,,,,,,,,,,,,,,,,,,,,,,,
758,1.005598387,7.59,0.999999744,,,,,,,,,,,,,,,,,,,,,,,,
759,1.005487421,7.6,0.99999975,,,,,,,,,,,,,,,,,,,,,,,,
760,1.005378655,7.61,0.999999755,,,,,,,,,,,,,,,,,,,,,,,,
761,1.005272045,7.62,0.999999759,,,,,,,,,,,,,,,,,,,,,,,,
762,1.005167548,7.63,0.999999764,,,,,,,,,,,,,,,,,,,,,,,,
763,1.005065123,7.64,0.999999769,,,,,,,,,,,,,,,,,,,,,,,,
764,1.004964727,7.65,0.999999773,,,,,,,,,,,,,,,,,,,,,,,,
765,1.004866321,7.66,0.999999778,,,,,,,,,,,,,,,,,,,,,,,,
766,1.004769866,7.67,0.999999782,,,,,,,,,,,,,,,,,,,,,,,,
767,1.004675323,7.68,0.999999787,,,,,,,,,,,,,,,,,,,,,,,,
768,1.004582653,7.69,0.999999791,,,,,,,,,,,,,,,,,,,,,,,,
769,1.004491821,7.7,0.999999795,,,,,,,,,,,,,,,,,,,,,,,,
770,1.004402789,7.71,0.999999799,,,,,,,,,,,,,,,,,,,,,,,,
771,1.004315521,7.72,0.999999803,,,,,,,,,,,,,,,,,,,,,,,,
772,1.004229983,7.73,0.999999807,,,,,,,,,,,,,,,,,,,,,,,,
773,1.004146141,7.74,0.999999811,,,,,,,,,,,,,,,,,,,,,,,,
774,1.004063961,7.75,0.999999814,,,,,,,,,,,,,,,,,,,,,,,,
775,1.003983409,7.76,0.999999818,,,,,,,,,,,,,,,,,,,,,,,,
776,1.003904454,7.77,0.999999822,,,,,,,,,,,,,,,,,,,,,,,,
777,1.003827064,7.78,0.999999825,,,,,,,,,,,,,,,,,,,,,,,,
778,1.003751208,7.79,0.999999829,,,,,,,,,,,,,,,,,,,,,,,,
779,1.003676855,7.8,0.999999832,,,,,,,,,,,,,,,,,,,,,,,,
780,1.003603977,7.81,0.999999835,,,,,,,,,,,,,,,,,,,,,,,,
781,1.003532542,7.82,0.999999839,,,,,,,,,,,,,,,,,,,,,,,,
782,1.003462524,7.83,0.999999842,,,,,,,,,,,,,,,,,,,,,,,,
783,1.003393894,7.84,0.999999845,,,,,,,,,,,,,,,,,,,,,,,,
784,1.003326623,7.85,0.999999848,,,,,,,,,,,,,,,,,,,,,,,,
785,1.003260686,7.86,0.999999851,,,,,,,,,,,,,,,,,,,,,,,,
786,1.003196057,7.87,0.999999854,,,,,,,,,,,,,,,,,,,,,,,,
787,1.003132708,7.88,0.999999857,,,,,,,,,,,,,,,,,,,,,,,,
788,1.003070614,7.89,0.99999986,,,,,,,,,,,,,,,,,,,,,,,,
789,1.003009752,7.9,0.999999863,,,,,,,,,,,,,,,,,,,,,,,,
790,1.002950096,7.91,0.999999865,,,,,,,,,,,,,,,,,,,,,,,,
791,1.002891622,7.92,0.999999868,,,,,,,,,,,,,,,,,,,,,,,,
792,1.002834307,7.93,0.999999871,,,,,,,,,,,,,,,,,,,,,,,,
793,1.002778129,7.94,0.999999873,,,,,,,,,,,,,,,,,,,,,,,,
794,1.002723063,7.95,0.999999876,,,,,,,,,,,,,,,,,,,,,,,,
795,1.00266909,7.96,0.999999878,,,,,,,,,,,,,,,,,,,,,,,,
796,1.002616186,7.97,0.999999881,,,,,,,,,,,,,,,,,,,,,,,,
797,1.00256433,7.98,0.999999883,,,,,,,,,,,,,,,,,,,,,,,,
798,1.002513503,7.99,0.999999885,,,,,,,,,,,,,,,,,,,,,,,,
799,1.002463683,8,0.999999887,,,,,,,,,,,,,,,,,,,,,,,,
800,1.00241485,8.01,0.99999989,,,,,,,,,,,,,,,,,,,,,,,,
801,1.002366986,8.02,0.999999892,,,,,,,,,,,,,,,,,,,,,,,,
802,1.00232007,8.03,0.999999894,,,,,,,,,,,,,,,,,,,,,,,,
803,1.002274084,8.04,0.999999896,,,,,,,,,,,,,,,,,,,,,,,,
804,1.002229009,8.05,0.999999898,,,,,,,,,,,,,,,,,,,,,,,,
805,1.002184828,8.06,0.9999999,,,,,,,,,,,,,,,,,,,,,,,,
806,1.002141523,8.07,0.999999902,,,,,,,,,,,,,,,,,,,,,,,,
807,1.002099076,8.08,0.999999904,,,,,,,,,,,,,,,,,,,,,,,,
808,1.00205747,8.09,0.999999906,,,,,,,,,,,,,,,,,,,,,,,,
809,1.002016689,8.1,0.999999908,,,,,,,,,,,,,,,,,,,,,,,,
810,1.001976716,8.11,0.99999991,,,,,,,,,,,,,,,,,,,,,,,,
811,1.001937536,8.12,0.999999911,,,,,,,,,,,,,,,,,,,,,,,,
812,1.001899132,8.13,0.999999913,,,,,,,,,,,,,,,,,,,,,,,,
813,1.00186149,8.14,0.999999915,,,,,,,,,,,,,,,,,,,,,,,,
814,1.001824593,8.15,0.999999917,,,,,,,,,,,,,,,,,,,,,,,,
815,1.001788428,8.16,0.999999918,,,,,,,,,,,,,,,,,,,,,,,,
816,1.00175298,8.17,0.99999992,,,,,,,,,,,,,,,,,,,,,,,,
817,1.001718234,8.18,0.999999921,,,,,,,,,,,,,,,,,,,,,,,,
818,1.001684177,8.19,0.999999923,,,,,,,,,,,,,,,,,,,,,,,,
819,1.001650795,8.2,0.999999925,,,,,,,,,,,,,,,,,,,,,,,,
820,1.001618074,8.21,0.999999926,,,,,,,,,,,,,,,,,,,,,,,,
821,1.001586003,8.22,0.999999928,,,,,,,,,,,,,,,,,,,,,,,,
822,1.001554567,8.23,0.999999929,,,,,,,,,,,,,,,,,,,,,,,,
823,1.001523754,8.24,0.99999993,,,,,,,,,,,,,,,,,,,,,,,,
824,1.001493551,8.25,0.999999932,,,,,,,,,,,,,,,,,,,,,,,,
825,1.001463948,8.26,0.999999933,,,,,,,,,,,,,,,,,,,,,,,,
826,1.001434931,8.27,0.999999934,,,,,,,,,,,,,,,,,,,,,,,,
827,1.001406489,8.28,0.999999936,,,,,,,,,,,,,,,,,,,,,,,,
828,1.001378611,8.29,0.999999937,,,,,,,,,,,,,,,,,,,,,,,,
829,1.001351286,8.3,0.999999938,,,,,,,,,,,,,,,,,,,,,,,,
830,1.001324502,8.31,0.999999939,,,,,,,,,,,,,,,,,,,,,,,,
831,1.001298249,8.32,0.999999941,,,,,,,,,,,,,,,,,,,,,,,,
832,1.001272517,8.33,0.999999942,,,,,,,,,,,,,,,,,,,,,,,,
833,1.001247294,8.34,0.999999943,,,,,,,,,,,,,,,,,,,,,,,,
834,1.001222572,8.35,0.999999944,,,,,,,,,,,,,,,,,,,,,,,,
835,1.001198339,8.36,0.999999945,,,,,,,,,,,,,,,,,,,,,,,,
836,1.001174587,8.37,0.999999946,,,,,,,,,,,,,,,,,,,,,,,,
837,1.001151305,8.38,0.999999947,,,,,,,,,,,,,,,,,,,,,,,,
838,1.001128485,8.39,0.999999948,,,,,,,,,,,,,,,,,,,,,,,,
839,1.001106118,8.4,0.999999949,,,,,,,,,,,,,,,,,,,,,,,,
840,1.001084193,8.41,0.99999995,,,,,,,,,,,,,,,,,,,,,,,,
841,1.001062704,8.42,0.999999951,,,,,,,,,,,,,,,,,,,,,,,,
842,1.00104164,8.43,0.999999952,,,,,,,,,,,,,,,,,,,,,,,,
843,1.001020994,8.44,0.999999953,,,,,,,,,,,,,,,,,,,,,,,,
844,1.001000756,8.45,0.999999954,,,,,,,,,,,,,,,,,,,,,,,,
845,1.000980921,8.46,0.999999955,,,,,,,,,,,,,,,,,,,,,,,,
846,1.000961478,8.47,0.999999956,,,,,,,,,,,,,,,,,,,,,,,,
847,1.00094242,8.48,0.999999957,,,,,,,,,,,,,,,,,,,,,,,,
848,1.000923741,8.49,0.999999958,,,,,,,,,,,,,,,,,,,,,,,,
849,1.000905431,8.5,0.999999959,,,,,,,,,,,,,,,,,,,,,,,,
850,1.000887485,8.51,0.999999959,,,,,,,,,,,,,,,,,,,,,,,,
851,1.000869894,8.52,0.99999996,,,,,,,,,,,,,,,,,,,,,,,,
852,1.000852652,8.53,0.999999961,,,,,,,,,,,,,,,,,,,,,,,,
853,1.000835751,8.54,0.999999962,,,,,,,,,,,,,,,,,,,,,,,,
854,1.000819186,8.55,0.999999963,,,,,,,,,,,,,,,,,,,,,,,,
855,1.000802949,8.56,0.999999963,,,,,,,,,,,,,,,,,,,,,,,,
856,1.000787034,8.57,0.999999964,,,,,,,,,,,,,,,,,,,,,,,,
857,1.000771434,8.58,0.999999965,,,,,,,,,,,,,,,,,,,,,,,,
858,1.000756143,8.59,0.999999965,,,,,,,,,,,,,,,,,,,,,,,,
859,1.000741156,8.6,0.999999966,,,,,,,,,,,,,,,,,,,,,,,,
860,1.000726466,8.61,0.999999967,,,,,,,,,,,,,,,,,,,,,,,,
861,1.000712066,8.62,0.999999967,,,,,,,,,,,,,,,,,,,,,,,,
862,1.000697952,8.63,0.999999968,,,,,,,,,,,,,,,,,,,,,,,,
863,1.000684118,8.64,0.999999969,,,,,,,,,,,,,,,,,,,,,,,,
864,1.000670558,8.65,0.999999969,,,,,,,,,,,,,,,,,,,,,,,,
865,1.000657267,8.66,0.99999997,,,,,,,,,,,,,,,,,,,,,,,,
866,1.00064424,8.67,0.999999971,,,,,,,,,,,,,,,,,,,,,,,,
867,1.00063147,8.68,0.999999971,,,,,,,,,,,,,,,,,,,,,,,,
868,1.000618954,8.69,0.999999972,,,,,,,,,,,,,,,,,,,,,,,,
869,1.000606686,8.7,0.999999972,,,,,,,,,,,,,,,,,,,,,,,,
870,1.000594661,8.71,0.999999973,,,,,,,,,,,,,,,,,,,,,,,,
871,1.000582874,8.72,0.999999973,,,,,,,,,,,,,,,,,,,,,,,,
872,1.000571321,8.73,0.999999974,,,,,,,,,,,,,,,,,,,,,,,,
873,1.000559997,8.74,0.999999974,,,,,,,,,,,,,,,,,,,,,,,,
874,1.000548897,8.75,0.999999975,,,,,,,,,,,,,,,,,,,,,,,,
875,1.000538017,8.76,0.999999975,,,,,,,,,,,,,,,,,,,,,,,,
876,1.000527353,8.77,0.999999976,,,,,,,,,,,,,,,,,,,,,,,,
877,1.000516901,8.78,0.999999976,,,,,,,,,,,,,,,,,,,,,,,,
878,1.000506655,8.79,0.999999977,,,,,,,,,,,,,,,,,,,,,,,,
879,1.000496613,8.8,0.999999977,,,,,,,,,,,,,,,,,,,,,,,,
880,1.000486769,8.81,0.999999978,,,,,,,,,,,,,,,,,,,,,,,,
881,1.000477121,8.82,0.999999978,,,,,,,,,,,,,,,,,,,,,,,,
882,1.000467664,8.83,0.999999979,,,,,,,,,,,,,,,,,,,,,,,,
883,1.000458395,8.84,0.999999979,,,,,,,,,,,,,,,,,,,,,,,,
884,1.000449309,8.85,0.999999979,,,,,,,,,,,,,,,,,,,,,,,,
885,1.000440403,8.86,0.99999998,,,,,,,,,,,,,,,,,,,,,,,,
886,1.000431674,8.87,0.99999998,,,,,,,,,,,,,,,,,,,,,,,,
887,1.000423118,8.88,0.999999981,,,,,,,,,,,,,,,,,,,,,,,,
888,1.000414731,8.89,0.999999981,,,,,,,,,,,,,,,,,,,,,,,,
889,1.000406511,8.9,0.999999981,,,,,,,,,,,,,,,,,,,,,,,,
890,1.000398453,8.91,0.999999982,,,,,,,,,,,,,,,,,,,,,,,,
891,1.000390556,8.92,0.999999982,,,,,,,,,,,,,,,,,,,,,,,,
892,1.000382814,8.93,0.999999982,,,,,,,,,,,,,,,,,,,,,,,,
893,1.000375227,8.94,0.999999983,,,,,,,,,,,,,,,,,,,,,,,,
894,1.000367789,8.95,0.999999983,,,,,,,,,,,,,,,,,,,,,,,,
895,1.000360499,8.96,0.999999984,,,,,,,,,,,,,,,,,,,,,,,,
896,1.000353354,8.97,0.999999984,,,,,,,,,,,,,,,,,,,,,,,,
897,1.00034635,8.98,0.999999984,,,,,,,,,,,,,,,,,,,,,,,,
898,1.000339485,8.99,0.999999984,,,,,,,,,,,,,,,,,,,,,,,,
899,1.000332756,9,0.999999985,,,,,,,,,,,,,,,,,,,,,,,,
900,1.000326161,9.01,0.999999985,,,,,,,,,,,,,,,,,,,,,,,,
901,1.000319696,9.02,0.999999985,,,,,,,,,,,,,,,,,,,,,,,,
902,1.000313359,9.03,0.999999986,,,,,,,,,,,,,,,,,,,,,,,,
903,1.000307148,9.04,0.999999986,,,,,,,,,,,,,,,,,,,,,,,,
904,1.00030106,9.05,0.999999986,,,,,,,,,,,,,,,,,,,,,,,,
905,1.000295093,9.06,0.999999986,,,,,,,,,,,,,,,,,,,,,,,,
906,1.000289244,9.07,0.999999987,,,,,,,,,,,,,,,,,,,,,,,,
907,1.000283511,9.08,0.999999987,,,,,,,,,,,,,,,,,,,,,,,,
908,1.000277891,9.09,0.999999987,,,,,,,,,,,,,,,,,,,,,,,,
909,1.000272383,9.1,0.999999988,,,,,,,,,,,,,,,,,,,,,,,,
910,1.000266984,9.11,0.999999988,,,,,,,,,,,,,,,,,,,,,,,,
911,1.000261692,9.12,0.999999988,,,,,,,,,,,,,,,,,,,,,,,,
912,1.000256505,9.13,0.999999988,,,,,,,,,,,,,,,,,,,,,,,,
913,1.000251421,9.14,0.999999988,,,,,,,,,,,,,,,,,,,,,,,,
914,1.000246438,9.15,0.999999989,,,,,,,,,,,,,,,,,,,,,,,,
915,1.000241553,9.16,0.999999989,,,,,,,,,,,,,,,,,,,,,,,,
916,1.000236765,9.17,0.999999989,,,,,,,,,,,,,,,,,,,,,,,,
917,1.000232072,9.18,0.999999989,,,,,,,,,,,,,,,,,,,,,,,,
918,1.000227473,9.19,0.99999999,,,,,,,,,,,,,,,,,,,,,,,,
919,1.000222964,9.2,0.99999999,,,,,,,,,,,,,,,,,,,,,,,,
920,1.000218544,9.21,0.99999999,,,,,,,,,,,,,,,,,,,,,,,,
921,1.000214213,9.22,0.99999999,,,,,,,,,,,,,,,,,,,,,,,,
922,1.000209967,9.23,0.99999999,,,,,,,,,,,,,,,,,,,,,,,,
923,1.000205805,9.24,0.999999991,,,,,,,,,,,,,,,,,,,,,,,,
924,1.000201726,9.25,0.999999991,,,,,,,,,,,,,,,,,,,,,,,,
925,1.000197727,9.26,0.999999991,,,,,,,,,,,,,,,,,,,,,,,,
926,1.000193808,9.27,0.999999991,,,,,,,,,,,,,,,,,,,,,,,,
927,1.000189967,9.28,0.999999991,,,,,,,,,,,,,,,,,,,,,,,,
928,1.000186201,9.29,0.999999991,,,,,,,,,,,,,,,,,,,,,,,,
929,1.000182511,9.3,0.999999992,,,,,,,,,,,,,,,,,,,,,,,,
930,1.000178893,9.31,0.999999992,,,,,,,,,,,,,,,,,,,,,,,,
931,1.000175347,9.32,0.999999992,,,,,,,,,,,,,,,,,,,,,,,,
932,1.000171872,9.33,0.999999992,,,,,,,,,,,,,,,,,,,,,,,,
933,1.000168465,9.34,0.999999992,,,,,,,,,,,,,,,,,,,,,,,,
934,1.000165126,9.35,0.999999992,,,,,,,,,,,,,,,,,,,,,,,,
935,1.000161853,9.36,0.999999993,,,,,,,,,,,,,,,,,,,,,,,,
936,1.000158645,9.37,0.999999993,,,,,,,,,,,,,,,,,,,,,,,,
937,1.000155501,9.38,0.999999993,,,,,,,,,,,,,,,,,,,,,,,,
938,1.000152418,9.39,0.999999993,,,,,,,,,,,,,,,,,,,,,,,,
939,1.000149397,9.4,0.999999993,,,,,,,,,,,,,,,,,,,,,,,,
940,1.000146436,9.41,0.999999993,,,,,,,,,,,,,,,,,,,,,,,,
941,1.000143534,9.42,0.999999993,,,,,,,,,,,,,,,,,,,,,,,,
942,1.000140689,9.43,0.999999994,,,,,,,,,,,,,,,,,,,,,,,,
943,1.0001379,9.44,0.999999994,,,,,,,,,,,,,,,,,,,,,,,,
944,1.000135167,9.45,0.999999994,,,,,,,,,,,,,,,,,,,,,,,,
945,1.000132488,9.46,0.999999994,,,,,,,,,,,,,,,,,,,,,,,,
946,1.000129862,9.47,0.999999994,,,,,,,,,,,,,,,,,,,,,,,,
947,1.000127288,9.48,0.999999994,,,,,,,,,,,,,,,,,,,,,,,,
948,1.000124765,9.49,0.999999994,,,,,,,,,,,,,,,,,,,,,,,,
949,1.000122292,9.5,0.999999994,,,,,,,,,,,,,,,,,,,,,,,,
950,1.000119868,9.51,0.999999995,,,,,,,,,,,,,,,,,,,,,,,,
951,1.000117492,9.52,0.999999995,,,,,,,,,,,,,,,,,,,,,,,,
952,1.000115163,9.53,0.999999995,,,,,,,,,,,,,,,,,,,,,,,,
953,1.00011288,9.54,0.999999995,,,,,,,,,,,,,,,,,,,,,,,,
954,1.000110643,9.55,0.999999995,,,,,,,,,,,,,,,,,,,,,,,,
955,1.00010845,9.56,0.999999995,,,,,,,,,,,,,,,,,,,,,,,,
956,1.0001063,9.57,0.999999995,,,,,,,,,,,,,,,,,,,,,,,,
957,1.000104193,9.58,0.999999995,,,,,,,,,,,,,,,,,,,,,,,,
958,1.000102128,9.59,0.999999995,,,,,,,,,,,,,,,,,,,,,,,,
959,1.000100104,9.6,0.999999995,,,,,,,,,,,,,,,,,,,,,,,,
960,1.00009812,9.61,0.999999996,,,,,,,,,,,,,,,,,,,,,,,,
961,1.000096175,9.62,0.999999996,,,,,,,,,,,,,,,,,,,,,,,,
962,1.000094269,9.63,0.999999996,,,,,,,,,,,,,,,,,,,,,,,,
963,1.0000924,9.64,0.999999996,,,,,,,,,,,,,,,,,,,,,,,,
964,1.000090569,9.65,0.999999996,,,,,,,,,,,,,,,,,,,,,,,,
965,1.000088774,9.66,0.999999996,,,,,,,,,,,,,,,,,,,,,,,,
966,1.000087014,9.67,0.999999996,,,,,,,,,,,,,,,,,,,,,,,,
967,1.000085289,9.68,0.999999996,,,,,,,,,,,,,,,,,,,,,,,,
968,1.000083599,9.69,0.999999996,,,,,,,,,,,,,,,,,,,,,,,,
969,1.000081942,9.7,0.999999996,,,,,,,,,,,,,,,,,,,,,,,,
970,1.000080318,9.71,0.999999996,,,,,,,,,,,,,,,,,,,,,,,,
971,1.000078726,9.72,0.999999996,,,,,,,,,,,,,,,,,,,,,,,,
972,1.000077165,9.73,0.999999996,,,,,,,,,,,,,,,,,,,,,,,,
973,1.000075636,9.74,0.999999997,,,,,,,,,,,,,,,,,,,,,,,,
974,1.000074136,9.75,0.999999997,,,,,,,,,,,,,,,,,,,,,,,,
975,1.000072667,9.76,0.999999997,,,,,,,,,,,,,,,,,,,,,,,,
976,1.000071227,9.77,0.999999997,,,,,,,,,,,,,,,,,,,,,,,,
977,1.000069815,9.78,0.999999997,,,,,,,,,,,,,,,,,,,,,,,,
978,1.000068431,9.79,0.999999997,,,,,,,,,,,,,,,,,,,,,,,,
979,1.000067075,9.8,0.999999997,,,,,,,,,,,,,,,,,,,,,,,,
980,1.000065745,9.81,0.999999997,,,,,,,,,,,,,,,,,,,,,,,,
981,1.000064442,9.82,0.999999997,,,,,,,,,,,,,,,,,,,,,,,,
982,1.000063165,9.83,0.999999997,,,,,,,,,,,,,,,,,,,,,,,,
983,1.000061913,9.84,0.999999997,,,,,,,,,,,,,,,,,,,,,,,,
984,1.000060686,9.85,0.999999997,,,,,,,,,,,,,,,,,,,,,,,,
985,1.000059483,9.86,0.999999997,,,,,,,,,,,,,,,,,,,,,,,,
986,1.000058304,9.87,0.999999997,,,,,,,,,,,,,,,,,,,,,,,,
987,1.000057148,9.88,0.999999997,,,,,,,,,,,,,,,,,,,,,,,,
988,1.000056015,9.89,0.999999997,,,,,,,,,,,,,,,,,,,,,,,,
989,1.000054905,9.9,0.999999997,,,,,,,,,,,,,,,,,,,,,,,,
990,1.000053817,9.91,0.999999998,,,,,,,,,,,,,,,,,,,,,,,,
991,1.00005275,9.92,0.999999998,,,,,,,,,,,,,,,,,,,,,,,,
992,1.000051705,9.93,0.999999998,,,,,,,,,,,,,,,,,,,,,,,,
993,1.00005068,9.94,0.999999998,,,,,,,,,,,,,,,,,,,,,,,,
994,1.000049675,9.95,0.999999998,,,,,,,,,,,,,,,,,,,,,,,,
995,1.000048691,9.96,0.999999998,,,,,,,,,,,,,,,,,,,,,,,,
996,1.000047726,9.97,0.999999998,,,,,,,,,,,,,,,,,,,,,,,,
997,1.00004678,9.98,0.999999998,,,,,,,,,,,,,,,,,,,,,,,,
998,1.000045852,9.99,0.999999998,,,,,,,,,,,,,,,,,,,,,,,,
999,1.000044944,10,0.999999998,,,,,,,,,,,,,,,,,,,,,,,,
1000,1.035757393,10.01,2.999999998,,,,,,,,,,,,,,,,,,,,,,,,
1001,1.07469056,10.02,2.999999998,,,,,,,,,,,,,,,,,,,,,,,,
1002,1.112852035,10.03,2.999999998,,,,,,,,,,,,,,,,,,,,,,,,
1003,1.150257113,10.04,2.999999998,,,,,,,,,,,,,,,,,,,,,,,,
1004,1.186920787,10.05,2.999999998,,,,,,,,,,,,,,,,,,,,,,,,
1005,1.222857751,10.06,2.999999998,,,,,,,,,,,,,,,,,,,,,,,,
1006,1.258082411,10.07,2.999999998,,,,,,,,,,,,,,,,,,,,,,,,
1007,1.292608884,10.08,2.999999998,,,,,,,,,,,,,,,,,,,,,,,,
1008,1.326451009,10.09,2.999999998,,,,,,,,,,,,,,,,,,,,,,,,
1009,1.359622351,10.1,2.999999998,,,,,,,,,,,,,,,,,,,,,,,,
1010,1.392136205,10.11,2.999999998,,,,,,,,,,,,,,,,,,,,,,,,
1011,1.424005604,10.12,2.999999998,,,,,,,,,,,,,,,,,,,,,,,,
1012,1.45524332,10.13,2.999999998,,,,,,,,,,,,,,,,,,,,,,,,
1013,1.485861876,10.14,2.999999998,,,,,,,,,,,,,,,,,,,,,,,,
1014,1.515873542,10.15,2.999999998,,,,,,,,,,,,,,,,,,,,,,,,
1015,1.545290348,10.16,2.999999999,,,,,,,,,,,,,,,,,,,,,,,,
1016,1.574124085,10.17,2.999999999,,,,,,,,,,,,,,,,,,,,,,,,
1017,1.60238631,10.18,2.999999999,,,,,,,,,,,,,,,,,,,,,,,,
1018,1.63008835,10.19,2.999999999,,,,,,,,,,,,,,,,,,,,,,,,
1019,1.657241309,10.2,2.999999999,,,,,,,,,,,,,,,,,,,,,,,,
1020,1.683856071,10.21,2.999999999,,,,,,,,,,,,,,,,,,,,,,,,
1021,1.709943303,10.22,2.999999999,,,,,,,,,,,,,,,,,,,,,,,,
1022,1.735513461,10.23,2.999999999,,,,,,,,,,,,,,,,,,,,,,,,
1023,1.760576794,10.24,2.999999999,,,,,,,,,,,,,,,,,,,,,,,,
1024,1.785143347,10.25,2.999999999,,,,,,,,,,,,,,,,,,,,,,,,
1025,1.809222968,10.26,2.999999999,,,,,,,,,,,,,,,,,,,,,,,,
1026,1.832825308,10.27,2.999999999,,,,,,,,,,,,,,,,,,,,,,,,
1027,1.855959827,10.28,2.999999999,,,,,,,,,,,,,,,,,,,,,,,,
1028,1.878635798,10.29,2.999999999,,,,,,,,,,,,,,,,,,,,,,,,
1029,1.900862309,10.3,2.999999999,,,,,,,,,,,,,,,,,,,,,,,,
1030,1.92264827,10.31,2.999999999,,,,,,,,,,,,,,,,,,,,,,,,
1031,1.944002412,10.32,2.999999999,,,,,,,,,,,,,,,,,,,,,,,,
1032,1.964933294,10.33,2.999999999,,,,,,,,,,,,,,,,,,,,,,,,
1033,1.985449306,10.34,2.999999999,,,,,,,,,,,,,,,,,,,,,,,,
1034,2.005558672,10.35,2.999999999,,,,,,,,,,,,,,,,,,,,,,,,
1035,2.02526945,10.36,2.999999999,,,,,,,,,Column1,Column2,Column3,Column4,,,,,,,,,,,,
1036,2.044589542,10.37,2.999999999,,,,,,,,,,,,,,,,,,,,,,,,
1037,2.063526691,10.38,2.999999999,,,,,,,,,,,,,,,,,,,,,,,,
1038,2.082088488,10.39,2.999999999,,,,,,,,,,,,,,,,,,,,,,,,
1039,2.100282373,10.4,2.999999999,,,,,,,,,,,,,,,,,,,,,,,,
1040,2.118115637,10.41,2.999999999,,,,,,,,,,,,,,,,,,,,,,,,
1041,2.135595428,10.42,2.999999999,,,,,,,,,,,,,,,,,,,,,,,,
1042,2.152728754,10.43,2.999999999,,,,,,,,,,,,,,,,,,,,,,,,
1043,2.169522481,10.44,2.999999999,,,,,,,,,,,,,,,,,,,,,,,,
1044,2.185983339,10.45,2.999999999,,,,,,,,,,,,,,,,,,,,,,,,
1045,2.202117928,10.46,2.999999999,,,,,,,,,,,,,,,,,,,,,,,,
1046,2.217932714,10.47,2.999999999,,,,,,,,,,,,,,,,,,,,,,,,
1047,2.233434036,10.48,2.999999999,,,,,,,,,,,,,,,,,,,,,,,,
1048,2.248628107,10.49,2.999999999,,,,,,,,,,,,,,,,,,,,,,,,
1049,2.263521017,10.5,2.999999999,,,,,,,,,,,,,,,,,,,,,,,,
1050,2.278118735,10.51,2.999999999,,,,,,,,,,,,,,,,,,,,,,,,
1051,2.292427112,10.52,2.999999999,,,,,,,,,,,,,,,,,,,,,,,,
1052,2.306451883,10.53,2.999999999,,,,,,,,,,,,,,,,,,,,,,,,
1053,2.320198671,10.54,2.999999999,,,,,,,,,,,,,,,,,,,,,,,,
1054,2.333672983,10.55,2.999999999,,,,,,,,,,,,,,,,,,,,,,,,
1055,2.346880222,10.56,2.999999999,,,,,,,,,,,,,,,,,,,,,,,,
1056,2.359825681,10.57,2.999999999,,,,,,,,,,,,,,,,,,,,,,,,
1057,2.372514548,10.58,2.999999999,,,,,,,,,,,,,,,,,,,,,,,,
1058,2.38495191,10.59,2.999999999,,,,,,,,,,,,,,,,,,,,,,,,
1059,2.397142752,10.6,2.999999999,,,,,,,,,,,,,,,,,,,,,,,,
1060,2.409091959,10.61,2.999999999,,,,,,,,,,,,,,,,,,,,,,,,
1061,2.420804322,10.62,2.999999999,,,,,,,,,,,,,,,,,,,,,,,,
1062,2.432284534,10.63,2.999999999,,,,,,,,,,,,,,,,,,,,,,,,
1063,2.443537198,10.64,2.999999999,,,,,,,,,,,,,,,,,,,,,,,,
1064,2.454566823,10.65,2.999999999,,,,,,,,,,,,,,,,,,,,,,,,
1065,2.46537783,10.66,2.999999999,,,,,,,,,,,,,,,,,,,,,,,,
1066,2.475974553,10.67,2.999999999,,,,,,,,,,,,,,,,,,,,,,,,
1067,2.486361239,10.68,2.999999999,,,,,,,,,,,,,,,,,,,,,,,,
1068,2.49654205,10.69,2.999999999,,,,,,,,,,,,,,,,,,,,,,,,
1069,2.506521069,10.7,2.999999999,,,,,,,,,,,,,,,,,,,,,,,,
1070,2.516302293,10.71,3,,,,,,,,,,,,,,,,,,,,,,,,
1071,2.525889644,10.72,3,,,,,,,,,,,,,,,,,,,,,,,,
1072,2.535286965,10.73,3,,,,,,,,,,,,,,,,,,,,,,,,
1073,2.544498022,10.74,3,,,,,,,,,,,,,,,,,,,,,,,,
1074,2.553526507,10.75,3,,,,,,,,,,,,,,,,,,,,,,,,
1075,2.562376039,10.76,3,,,,,,,,,,,,,,,,,,,,,,,,
1076,2.571050164,10.77,3,,,,,,,,,,,,,,,,,,,,,,,,
1077,2.579552361,10.78,3,,,,,,,,,,,,,,,,,,,,,,,,
1078,2.587886035,10.79,3,,,,,,,,,,,,,,,,,,,,,,,,
1079,2.596054528,10.8,3,,,,,,,,,,,,,,,,,,,,,,,,
1080,2.604061114,10.81,3,,,,,,,,,,,,,,,,,,,,,,,,
1081,2.611909001,10.82,3,,,,,,,,,,,,,,,,,,,,,,,,
1082,2.619601336,10.83,3,,,,,,,,,,,,,,,,,,,,,,,,
1083,2.627141201,10.84,3,,,,,,,,,,,,,,,,,,,,,,,,
1084,2.63453162,10.85,3,,,,,,,,,,,,,,,,,,,,,,,,
1085,2.641775552,10.86,3,,,,,,,,,,,,,,,,,,,,,,,,
1086,2.648875904,10.87,3,,,,,,,,,,,,,,,,,,,,,,,,
1087,2.655835519,10.88,3,,,,,,,,,,,,,,,,,,,,,,,,
1088,2.662657188,10.89,3,,,,,,,,,,,,,,,,,,,,,,,,
1089,2.669343646,10.9,3,,,,,,,,,,,,,,,,,,,,,,,,
1090,2.675897571,10.91,3,,,,,,,,,,,,,,,,,,,,,,,,
1091,2.682321591,10.92,3,,,,,,,,,,,,,,,,,,,,,,,,
1092,2.688618281,10.93,3,,,,,,,,,,,,,,,,,,,,,,,,
1093,2.694790165,10.94,3,,,,,,,,,,,,,,,,,,,,,,,,
1094,2.700839716,10.95,3,,,,,,,,,,,,,,,,,,,,,,,,
1095,2.706769359,10.96,3,,,,,,,,,,,,,,,,,,,,,,,,
1096,2.71258147,10.97,3,,,,,,,,,,,,,,,,,,,,,,,,
1097,2.718278381,10.98,3,,,,,,,,,,,,,,,,,,,,,,,,
1098,2.723862373,10.99,3,,,,,,,,,,,,,,,,,,,,,,,,
1099,2.729335685,11,3,,,,,,,,,,,,,,,,,,,,,,,,
1100,2.73470051,11.01,3,,,,,,,,,,,,,,,,,,,,,,,,
1101,2.739959,11.02,3,,,,,,,,,,,,,,,,,,,,,,,,
1102,2.745113261,11.03,3,,,,,,,,,,,,,,,,,,,,,,,,
1103,2.75016536,11.04,3,,,,,,,,,,,,,,,,,,,,,,,,
1104,2.755117322,11.05,3,,,,,,,,,,,,,,,,,,,,,,,,
1105,2.759971131,11.06,3,,,,,,,,,,,,,,,,,,,,,,,,
1106,2.764728733,11.07,3,,,,,,,,,,,,,,,,,,,,,,,,
1107,2.769392034,11.08,3,,,,,,,,,,,,,,,,,,,,,,,,
1108,2.773962905,11.09,3,,,,,,,,,,,,,,,,,,,,,,,,
1109,2.778443176,11.1,3,,,,,,,,,,,,,,,,,,,,,,,,
1110,2.782834644,11.11,3,,,,,,,,,,,,,,,,,,,,,,,,
1111,2.78713907,11.12,3,,,,,,,,,,,,,,,,,,,,,,,,
1112,2.791358177,11.13,3,,,,,,,,,,,,,,,,,,,,,,,,
1113,2.795493657,11.14,3,,,,,,,,,,,,,,,,,,,,,,,,
1114,2.799547169,11.15,3,,,,,,,,,,,,,,,,,,,,,,,,
1115,2.803520336,11.16,3,,,,,,,,,,,,,,,,,,,,,,,,
1116,2.80741475,11.17,3,,,,,,,,,,,,,,,,,,,,,,,,
1117,2.811231974,11.18,3,,,,,,,,,,,,,,,,,,,,,,,,
1118,2.814973537,11.19,3,,,,,,,,,,,,,,,,,,,,,,,,
1119,2.818640939,11.2,3,,,,,,,,,,,,,,,,,,,,,,,,
1120,2.822235649,11.21,3,,,,,,,,,,,,,,,,,,,,,,,,
1121,2.825759108,11.22,3,,,,,,,,,,,,,,,,,,,,,,,,
1122,2.829212729,11.23,3,,,,,,,,,,,,,,,,,,,,,,,,
1123,2.832597897,11.24,3,,,,,,,,,,,,,,,,,,,,,,,,
1124,2.835915966,11.25,3,,,,,,,,,,,,,,,,,,,,,,,,
1125,2.839168269,11.26,3,,,,,,,,,,,,,,,,,,,,,,,,
1126,2.842356108,11.27,3,,,,,,,,,,,,,,,,,,,,,,,,
1127,2.84548076,11.28,3,,,,,,,,,,,,,,,,,,,,,,,,
1128,2.84854348,11.29,3,,,,,,,,,,,,,,,,,,,,,,,,
1129,2.851545493,11.3,3,,,,,,,,,,,,,,,,,,,,,,,,
1130,2.854488003,11.31,3,,,,,,,,,,,,,,,,,,,,,,,,
1131,2.85737219,11.32,3,,,,,,,,,,,,,,,,,,,,,,,,
1132,2.86019921,11.33,3,,,,,,,,,,,,,,,,,,,,,,,,
1133,2.862970195,11.34,3,,,,,,,,,,,,,,,,,,,,,,,,
1134,2.865686257,11.35,3,,,,,,,,,,,,,,,,,,,,,,,,
1135,2.868348484,11.36,3,,,,,,,,,,,,,,,,,,,,,,,,
1136,2.870957943,11.37,3,,,,,,,,,,,,,,,,,,,,,,,,
1137,2.87351568,11.38,3,,,,,,,,,,,,,,,,,,,,,,,,
1138,2.87602272,11.39,3,,,,,,,,,,,,,,,,,,,,,,,,
1139,2.878480068,11.4,3,,,,,,,,,,,,,,,,,,,,,,,,
1140,2.88088871,11.41,3,,,,,,,,,,,,,,,,,,,,,,,,
1141,2.883249609,11.42,3,,,,,,,,,,,,,,,,,,,,,,,,
1142,2.885563714,11.43,3,,,,,,,,,,,,,,,,,,,,,,,,
1143,2.88783195,11.44,3,,,,,,,,,,,,,,,,,,,,,,,,
1144,2.890055228,11.45,3,,,,,,,,,,,,,,,,,,,,,,,,
1145,2.892234439,11.46,3,,,,,,,,,,,,,,,,,,,,,,,,
1146,2.894370456,11.47,3,,,,,,,,,,,,,,,,,,,,,,,,
1147,2.896464134,11.48,3,,,,,,,,,,,,,,,,,,,,,,,,
1148,2.898516314,11.49,3,,,,,,,,,,,,,,,,,,,,,,,,
1149,2.900527818,11.5,3,,,,,,,,,,,,,,,,,,,,,,,,
1150,2.902499452,11.51,3,,,,,,,,,,,,,,,,,,,,,,,,
1151,2.904432006,11.52,3,,,,,,,,,,,,,,,,,,,,,,,,
1152,2.906326255,11.53,3,,,,,,,,,,,,,,,,,,,,,,,,
1153,2.908182958,11.54,3,,,,,,,,,,,,,,,,,,,,,,,,
1154,2.91000286,11.55,3,,,,,,,,,,,,,,,,,,,,,,,,
1155,2.911786689,11.56,3,,,,,,,,,,,,,,,,,,,,,,,,
1156,2.913535161,11.57,3,,,,,,,,,,,,,,,,,,,,,,,,
1157,2.915248977,11.58,3,,,,,,,,,,,,,,,,,,,,,,,,
1158,2.916928823,11.59,3,,,,,,,,,,,,,,,,,,,,,,,,
1159,2.918575374,11.6,3,,,,,,,,,,,,,,,,,,,,,,,,
1160,2.920189288,11.61,3,,,,,,,,,,,,,,,,,,,,,,,,
1161,2.921771212,11.62,3,,,,,,,,,,,,,,,,,,,,,,,,
1162,2.923321782,11.63,3,,,,,,,,,,,,,,,,,,,,,,,,
1163,2.924841617,11.64,3,,,,,,,,,,,,,,,,,,,,,,,,
1164,2.926331328,11.65,3,,,,,,,,,,,,,,,,,,,,,,,,
1165,2.927791512,11.66,3,,,,,,,,,,,,,,,,,,,,,,,,
1166,2.929222753,11.67,3,,,,,,,,,,,,,,,,,,,,,,,,
1167,2.930625626,11.68,3,,,,,,,,,,,,,,,,,,,,,,,,
1168,2.932000692,11.69,3,,,,,,,,,,,,,,,,,,,,,,,,
1169,2.933348504,11.7,3,,,,,,,,,,,,,,,,,,,,,,,,
1170,2.9346696,11.71,3,,,,,,,,,,,,,,,,,,,,,,,,
1171,2.935964511,11.72,3,,,,,,,,,,,,,,,,,,,,,,,,
1172,2.937233756,11.73,3,,,,,,,,,,,,,,,,,,,,,,,,
1173,2.938477843,11.74,3,,,,,,,,,,,,,,,,,,,,,,,,
1174,2.939697271,11.75,3,,,,,,,,,,,,,,,,,,,,,,,,
1175,2.940892529,11.76,3,,,,,,,,,,,,,,,,,,,,,,,,
1176,2.942064095,11.77,3,,,,,,,,,,,,,,,,,,,,,,,,
1177,2.94321244,11.78,3,,,,,,,,,,,,,,,,,,,,,,,,
1178,2.944338024,11.79,3,,,,,,,,,,,,,,,,,,,,,,,,
1179,2.945441298,11.8,3,,,,,,,,,,,,,,,,,,,,,,,,
1180,2.946522703,11.81,3,,,,,,,,,,,,,,,,,,,,,,,,
1181,2.947582675,11.82,3,,,,,,,,,,,,,,,,,,,,,,,,
1182,2.948621636,11.83,3,,,,,,,,,,,,,,,,,,,,,,,,
1183,2.949640004,11.84,3,,,,,,,,,,,,,,,,,,,,,,,,
1184,2.950638188,11.85,3,,,,,,,,,,,,,,,,,,,,,,,,
1185,2.951616586,11.86,3,,,,,,,,,,,,,,,,,,,,,,,,
1186,2.952575592,11.87,3,,,,,,,,,,,,,,,,,,,,,,,,
1187,2.953515589,11.88,3,,,,,,,,,,,,,,,,,,,,,,,,
1188,2.954436954,11.89,3,,,,,,,,,,,,,,,,,,,,,,,,
1189,2.955340057,11.9,3,,,,,,,,,,,,,,,,,,,,,,,,
1190,2.95622526,11.91,3,,,,,,,,,,,,,,,,,,,,,,,,
1191,2.957092917,11.92,3,,,,,,,,,,,,,,,,,,,,,,,,
1192,2.957943377,11.93,3,,,,,,,,,,,,,,,,,,,,,,,,
1193,2.958776979,11.94,3,,,,,,,,,,,,,,,,,,,,,,,,
1194,2.959594059,11.95,3,,,,,,,,,,,,,,,,,,,,,,,,
1195,2.960394943,11.96,3,,,,,,,,,,,,,,,,,,,,,,,,
1196,2.961179954,11.97,3,,,,,,,,,,,,,,,,,,,,,,,,
1197,2.961949404,11.98,3,,,,,,,,,,,,,,,,,,,,,,,,
1198,2.962703603,11.99,3,,,,,,,,,,,,,,,,,,,,,,,,
1199,2.963442853,12,3,,,,,,,,,,,,,,,,,,,,,,,,
1200,2.964167451,12.01,3,,,,,,,,,,,,,,,,,,,,,,,,
1201,2.964877687,12.02,3,,,,,,,,,,,,,,,,,,,,,,,,
1202,2.965573844,12.03,3,,,,,,,,,,,,,,,,,,,,,,,,
1203,2.966256204,12.04,3,,,,,,,,,,,,,,,,,,,,,,,,
1204,2.966925038,12.05,3,,,,,,,,,,,,,,,,,,,,,,,,
1205,2.967580615,12.06,3,,,,,,,,,,,,,,,,,,,,,,,,
1206,2.968223199,12.07,3,,,,,,,,,,,,,,,,,,,,,,,,
1207,2.968853045,12.08,3,,,,,,,,,,,,,,,,,,,,,,,,
1208,2.969470408,12.09,3,,,,,,,,,,,,,,,,,,,,,,,,
1209,2.970075533,12.1,3,,,,,,,,,,,,,,,,,,,,,,,,
1210,2.970668665,12.11,3,,,,,,,,,,,,,,,,,,,,,,,,
1211,2.97125004,12.12,3,,,,,,,,,,,,,,,,,,,,,,,,
1212,2.971819892,12.13,3,,,,,,,,,,,,,,,,,,,,,,,,
1213,2.972378448,12.14,3,,,,,,,,,,,,,,,,,,,,,,,,
1214,2.972925934,12.15,3,,,,,,,,,,,,,,,,,,,,,,,,
1215,2.973462568,12.16,3,,,,,,,,,,,,,,,,,,,,,,,,
1216,2.973988565,12.17,3,,,,,,,,,,,,,,,,,,,,,,,,
1217,2.974504137,12.18,3,,,,,,,,,,,,,,,,,,,,,,,,
1218,2.975009489,12.19,3,,,,,,,,,,,,,,,,,,,,,,,,
1219,2.975504825,12.2,3,,,,,,,,,,,,,,,,,,,,,,,,
1220,2.975990343,12.21,3,,,,,,,,,,,,,,,,,,,,,,,,
1221,2.976466237,12.22,3,,,,,,,,,,,,,,,,,,,,,,,,
1222,2.976932699,12.23,3,,,,,,,,,,,,,,,,,,,,,,,,
1223,2.977389915,12.24,3,,,,,,,,,,,,,,,,,,,,,,,,
1224,2.977838068,12.25,3,,,,,,,,,,,,,,,,,,,,,,,,
1225,2.978277339,12.26,3,,,,,,,,,,,,,,,,,,,,,,,,
1226,2.978707903,12.27,3,,,,,,,,,,,,,,,,,,,,,,,,
1227,2.979129933,12.28,3,,,,,,,,,,,,,,,,,,,,,,,,
1228,2.979543597,12.29,3,,,,,,,,,,,,,,,,,,,,,,,,
1229,2.979949063,12.3,3,,,,,,,,,,,,,,,,,,,,,,,,
1230,2.980346492,12.31,3,,,,,,,,,,,,,,,,,,,,,,,,
1231,2.980736043,12.32,3,,,,,,,,,,,,,,,,,,,,,,,,
1232,2.981117873,12.33,3,,,,,,,,,,,,,,,,,,,,,,,,
1233,2.981492135,12.34,3,,,,,,,,,,,,,,,,,,,,,,,,
1234,2.981858978,12.35,3,,,,,,,,,,,,,,,,,,,,,,,,
1235,2.982218551,12.36,3,,,,,,,,,,,,,,,,,,,,,,,,
1236,2.982570996,12.37,3,,,,,,,,,,,,,,,,,,,,,,,,
1237,2.982916456,12.38,3,,,,,,,,,,,,,,,,,,,,,,,,
1238,2.983255068,12.39,3,,,,,,,,,,,,,,,,,,,,,,,,
1239,2.983586968,12.4,3,,,,,,,,,,,,,,,,,,,,,,,,
1240,2.98391229,12.41,3,,,,,,,,,,,,,,,,,,,,,,,,
1241,2.984231164,12.42,3,,,,,,,,,,,,,,,,,,,,,,,,
1242,2.984543718,12.43,3,,,,,,,,,,,,,,,,,,,,,,,,
1243,2.984850076,12.44,3,,,,,,,,,,,,,,,,,,,,,,,,
1244,2.985150362,12.45,3,,,,,,,,,,,,,,,,,,,,,,,,
1245,2.985444696,12.46,3,,,,,,,,,,,,,,,,,,,,,,,,
1246,2.985733196,12.47,3,,,,,,,,,,,,,,,,,,,,,,,,
1247,2.986015978,12.48,3,,,,,,,,,,,,,,,,,,,,,,,,
1248,2.986293154,12.49,3,,,,,,,,,,,,,,,,,,,,,,,,
1249,2.986564837,12.5,3,,,,,,,,,,,,,,,,,,,,,,,,
1250,2.986831135,12.51,3,,,,,,,,,,,,,,,,,,,,,,,,
1251,2.987092154,12.52,3,,,,,,,,,,,,,,,,,,,,,,,,
1252,2.987348,12.53,3,,,,,,,,,,,,,,,,,,,,,,,,
1253,2.987598775,12.54,3,,,,,,,,,,,,,,,,,,,,,,,,
1254,2.987844579,12.55,3,,,,,,,,,,,,,,,,,,,,,,,,
1255,2.988085511,12.56,3,,,,,,,,,,,,,,,,,,,,,,,,
1256,2.988321668,12.57,3,,,,,,,,,,,,,,,,,,,,,,,,
1257,2.988553144,12.58,3,,,,,,,,,,,,,,,,,,,,,,,,
1258,2.988780031,12.59,3,,,,,,,,,,,,,,,,,,,,,,,,
1259,2.989002422,12.6,3,,,,,,,,,,,,,,,,,,,,,,,,
1260,2.989220404,12.61,3,,,,,,,,,,,,,,,,,,,,,,,,
1261,2.989434066,12.62,3,,,,,,,,,,,,,,,,,,,,,,,,
1262,2.989643493,12.63,3,,,,,,,,,,,,,,,,,,,,,,,,
1263,2.989848769,12.64,3,,,,,,,,,,,,,,,,,,,,,,,,
1264,2.990049976,12.65,3,,,,,,,,,,,,,,,,,,,,,,,,
1265,2.990247195,12.66,3,,,,,,,,,,,,,,,,,,,,,,,,
1266,2.990440505,12.67,3,,,,,,,,,,,,,,,,,,,,,,,,
1267,2.990629983,12.68,3,,,,,,,,,,,,,,,,,,,,,,,,
1268,2.990815706,12.69,3,,,,,,,,,,,,,,,,,,,,,,,,
1269,2.990997747,12.7,3,,,,,,,,,,,,,,,,,,,,,,,,
1270,2.991176181,12.71,3,,,,,,,,,,,,,,,,,,,,,,,,
1271,2.991351077,12.72,3,,,,,,,,,,,,,,,,,,,,,,,,
1272,2.991522507,12.73,3,,,,,,,,,,,,,,,,,,,,,,,,
1273,2.991690539,12.74,3,,,,,,,,,,,,,,,,,,,,,,,,
1274,2.991855241,12.75,3,,,,,,,,,,,,,,,,,,,,,,,,
1275,2.992016678,12.76,3,,,,,,,,,,,,,,,,,,,,,,,,
1276,2.992174915,12.77,3,,,,,,,,,,,,,,,,,,,,,,,,
1277,2.992330015,12.78,3,,,,,,,,,,,,,,,,,,,,,,,,
1278,2.992482042,12.79,3,,,,,,,,,,,,,,,,,,,,,,,,
1279,2.992631055,12.8,3,,,,,,,,,,,,,,,,,,,,,,,,
1280,2.992777114,12.81,3,,,,,,,,,,,,,,,,,,,,,,,,
1281,2.992920279,12.82,3,,,,,,,,,,,,,,,,,,,,,,,,
1282,2.993060606,12.83,3,,,,,,,,,,,,,,,,,,,,,,,,
1283,2.993198151,12.84,3,,,,,,,,,,,,,,,,,,,,,,,,
1284,2.99333297,12.85,3,,,,,,,,,,,,,,,,,,,,,,,,
1285,2.993465117,12.86,3,,,,,,,,,,,,,,,,,,,,,,,,
1286,2.993594645,12.87,3,,,,,,,,,,,,,,,,,,,,,,,,
1287,2.993721605,12.88,3,,,,,,,,,,,,,,,,,,,,,,,,
1288,2.993846049,12.89,3,,,,,,,,,,,,,,,,,,,,,,,,
1289,2.993968026,12.9,3,,,,,,,,,,,,,,,,,,,,,,,,
1290,2.994087586,12.91,3,,,,,,,,,,,,,,,,,,,,,,,,
1291,2.994204775,12.92,3,,,,,,,,,,,,,,,,,,,,,,,,
1292,2.994319642,12.93,3,,,,,,,,,,,,,,,,,,,,,,,,
1293,2.994432232,12.94,3,,,,,,,,,,,,,,,,,,,,,,,,
1294,2.994542591,12.95,3,,,,,,,,,,,,,,,,,,,,,,,,
1295,2.994650762,12.96,3,,,,,,,,,,,,,,,,,,,,,,,,
1296,2.994756789,12.97,3,,,,,,,,,,,,,,,,,,,,,,,,
1297,2.994860714,12.98,3,,,,,,,,,,,,,,,,,,,,,,,,
1298,2.99496258,12.99,3,,,,,,,,,,,,,,,,,,,,,,,,
1299,2.995062426,13,3,,,,,,,,,,,,,,,,,,,,,,,,
1300,2.995160294,13.01,3,,,,,,,,,,,,,,,,,,,,,,,,
1301,2.995256222,13.02,3,,,,,,,,,,,,,,,,,,,,,,,,
1302,2.995350248,13.03,3,,,,,,,,,,,,,,,,,,,,,,,,
1303,2.99544241,13.04,3,,,,,,,,,,,,,,,,,,,,,,,,
1304,2.995532746,13.05,3,,,,,,,,,,,,,,,,,,,,,,,,
1305,2.995621291,13.06,3,,,,,,,,,,,,,,,,,,,,,,,,
1306,2.995708081,13.07,3,,,,,,,,,,,,,,,,,,,,,,,,
1307,2.995793151,13.08,3,,,,,,,,,,,,,,,,,,,,,,,,
1308,2.995876535,13.09,3,,,,,,,,,,,,,,,,,,,,,,,,
1309,2.995958266,13.1,3,,,,,,,,,,,,,,,,,,,,,,,,
1310,2.996038377,13.11,3,,,,,,,,,,,,,,,,,,,,,,,,
1311,2.9961169,13.12,3,,,,,,,,,,,,,,,,,,,,,,,,
1312,2.996193867,13.13,3,,,,,,,,,,,,,,,,,,,,,,,,
1313,2.996269308,13.14,3,,,,,,,,,,,,,,,,,,,,,,,,
1314,2.996343254,13.15,3,,,,,,,,,,,,,,,,,,,,,,,,
1315,2.996415734,13.16,3,,,,,,,,,,,,,,,,,,,,,,,,
1316,2.996486778,13.17,3,,,,,,,,,,,,,,,,,,,,,,,,
1317,2.996556413,13.18,3,,,,,,,,,,,,,,,,,,,,,,,,
1318,2.996624669,13.19,3,,,,,,,,,,,,,,,,,,,,,,,,
1319,2.996691571,13.2,3,,,,,,,,,,,,,,,,,,,,,,,,
1320,2.996757147,13.21,3,,,,,,,,,,,,,,,,,,,,,,,,
1321,2.996821424,13.22,3,,,,,,,,,,,,,,,,,,,,,,,,
1322,2.996884426,13.23,3,,,,,,,,,,,,,,,,,,,,,,,,
1323,2.99694618,13.24,3,,,,,,,,,,,,,,,,,,,,,,,,
1324,2.997006709,13.25,3,,,,,,,,,,,,,,,,,,,,,,,,
1325,2.997066039,13.26,3,,,,,,,,,,,,,,,,,,,,,,,,
1326,2.997124193,13.27,3,,,,,,,,,,,,,,,,,,,,,,,,
1327,2.997181194,13.28,3,,,,,,,,,,,,,,,,,,,,,,,,
1328,2.997237066,13.29,3,,,,,,,,,,,,,,,,,,,,,,,,
1329,2.99729183,13.3,3,,,,,,,,,,,,,,,,,,,,,,,,
1330,2.997345508,13.31,3,,,,,,,,,,,,,,,,,,,,,,,,
1331,2.997398123,13.32,3,,,,,,,,,,,,,,,,,,,,,,,,
1332,2.997449695,13.33,3,,,,,,,,,,,,,,,,,,,,,,,,
1333,2.997500244,13.34,3,,,,,,,,,,,,,,,,,,,,,,,,
1334,2.997549792,13.35,3,,,,,,,,,,,,,,,,,,,,,,,,
1335,2.997598357,13.36,3,,,,,,,,,,,,,,,,,,,,,,,,
1336,2.99764596,13.37,3,,,,,,,,,,,,,,,,,,,,,,,,
1337,2.997692619,13.38,3,,,,,,,,,,,,,,,,,,,,,,,,
1338,2.997738354,13.39,3,,,,,,,,,,,,,,,,,,,,,,,,
1339,2.997783182,13.4,3,,,,,,,,,,,,,,,,,,,,,,,,
1340,2.997827121,13.41,3,,,,,,,,,,,,,,,,,,,,,,,,
1341,2.99787019,13.42,3,,,,,,,,,,,,,,,,,,,,,,,,
1342,2.997912405,13.43,3,,,,,,,,,,,,,,,,,,,,,,,,
1343,2.997953783,13.44,3,,,,,,,,,,,,,,,,,,,,,,,,
1344,2.997994341,13.45,3,,,,,,,,,,,,,,,,,,,,,,,,
1345,2.998034095,13.46,3,,,,,,,,,,,,,,,,,,,,,,,,
1346,2.998073061,13.47,3,,,,,,,,,,,,,,,,,,,,,,,,
1347,2.998111255,13.48,3,,,,,,,,,,,,,,,,,,,,,,,,
1348,2.998148691,13.49,3,,,,,,,,,,,,,,,,,,,,,,,,
1349,2.998185386,13.5,3,,,,,,,,,,,,,,,,,,,,,,,,
1350,2.998221354,13.51,3,,,,,,,,,,,,,,,,,,,,,,,,
1351,2.998256608,13.52,3,,,,,,,,,,,,,,,,,,,,,,,,
1352,2.998291164,13.53,3,,,,,,,,,,,,,,,,,,,,,,,,
1353,2.998325034,13.54,3,,,,,,,,,,,,,,,,,,,,,,,,
1354,2.998358234,13.55,3,,,,,,,,,,,,,,,,,,,,,,,,
1355,2.998390775,13.56,3,,,,,,,,,,,,,,,,,,,,,,,,
1356,2.998422672,13.57,3,,,,,,,,,,,,,,,,,,,,,,,,
1357,2.998453936,13.58,3,,,,,,,,,,,,,,,,,,,,,,,,
1358,2.99848458,13.59,3,,,,,,,,,,,,,,,,,,,,,,,,
1359,2.998514617,13.6,3,,,,,,,,,,,,,,,,,,,,,,,,
1360,2.998544059,13.61,3,,,,,,,,,,,,,,,,,,,,,,,,
1361,2.998572917,13.62,3,,,,,,,,,,,,,,,,,,,,,,,,
1362,2.998601203,13.63,3,,,,,,,,,,,,,,,,,,,,,,,,
1363,2.998628929,13.64,3,,,,,,,,,,,,,,,,,,,,,,,,
1364,2.998656105,13.65,3,,,,,,,,,,,,,,,,,,,,,,,,
1365,2.998682742,13.66,3,,,,,,,,,,,,,,,,,,,,,,,,
1366,2.998708851,13.67,3,,,,,,,,,,,,,,,,,,,,,,,,
1367,2.998734443,13.68,3,,,,,,,,,,,,,,,,,,,,,,,,
1368,2.998759528,13.69,3,,,,,,,,,,,,,,,,,,,,,,,,
1369,2.998784115,13.7,3,,,,,,,,,,,,,,,,,,,,,,,,
1370,2.998808215,13.71,3,,,,,,,,,,,,,,,,,,,,,,,,
1371,2.998831837,13.72,3,,,,,,,,,,,,,,,,,,,,,,,,
1372,2.998854991,13.73,3,,,,,,,,,,,,,,,,,,,,,,,,
1373,2.998877687,13.74,3,,,,,,,,,,,,,,,,,,,,,,,,
1374,2.998899932,13.75,3,,,,,,,,,,,,,,,,,,,,,,,,
1375,2.998921736,13.76,3,,,,,,,,,,,,,,,,,,,,,,,,
1376,2.998943109,13.77,3,,,,,,,,,,,,,,,,,,,,,,,,
1377,2.998964057,13.78,3,,,,,,,,,,,,,,,,,,,,,,,,
1378,2.998984591,13.79,3,,,,,,,,,,,,,,,,,,,,,,,,
1379,2.999004717,13.8,3,,,,,,,,,,,,,,,,,,,,,,,,
1380,2.999024444,13.81,3,,,,,,,,,,,,,,,,,,,,,,,,
1381,2.999043781,13.82,3,,,,,,,,,,,,,,,,,,,,,,,,
1382,2.999062734,13.83,3,,,,,,,,,,,,,,,,,,,,,,,,
1383,2.999081312,13.84,3,,,,,,,,,,,,,,,,,,,,,,,,
1384,2.999099521,13.85,3,,,,,,,,,,,,,,,,,,,,,,,,
1385,2.999117369,13.86,3,,,,,,,,,,,,,,,,,,,,,,,,
1386,2.999134864,13.87,3,,,,,,,,,,,,,,,,,,,,,,,,
1387,2.999152012,13.88,3,,,,,,,,,,,,,,,,,,,,,,,,
1388,2.99916882,13.89,3,,,,,,,,,,,,,,,,,,,,,,,,
1389,2.999185294,13.9,3,,,,,,,,,,,,,,,,,,,,,,,,
1390,2.999201443,13.91,3,,,,,,,,,,,,,,,,,,,,,,,,
1391,2.999217271,13.92,3,,,,,,,,,,,,,,,,,,,,,,,,
1392,2.999232785,13.93,3,,,,,,,,,,,,,,,,,,,,,,,,
1393,2.999247992,13.94,3,,,,,,,,,,,,,,,,,,,,,,,,
1394,2.999262898,13.95,3,,,,,,,,,,,,,,,,,,,,,,,,
1395,2.999277508,13.96,3,,,,,,,,,,,,,,,,,,,,,,,,
1396,2.999291828,13.97,3,,,,,,,,,,,,,,,,,,,,,,,,
1397,2.999305865,13.98,3,,,,,,,,,,,,,,,,,,,,,,,,
1398,2.999319623,13.99,3,,,,,,,,,,,,,,,,,,,,,,,,
1399,2.999333109,14,3,,,,,,,,,,,,,,,,,,,,,,,,
1400,2.999346327,14.01,3,,,,,,,,,,,,,,,,,,,,,,,,
1401,2.999359284,14.02,3,,,,,,,,,,,,,,,,,,,,,,,,
1402,2.999371983,14.03,3,,,,,,,,,,,,,,,,,,,,,,,,
1403,2.999384431,14.04,3,,,,,,,,,,,,,,,,,,,,,,,,
1404,2.999396632,14.05,3,,,,,,,,,,,,,,,,,,,,,,,,
1405,2.999408592,14.06,3,,,,,,,,,,,,,,,,,,,,,,,,
1406,2.999420314,14.07,3,,,,,,,,,,,,,,,,,,,,,,,,
1407,2.999431804,14.08,3,,,,,,,,,,,,,,,,,,,,,,,,
1408,2.999443066,14.09,3,,,,,,,,,,,,,,,,,,,,,,,,
1409,2.999454105,14.1,3,,,,,,,,,,,,,,,,,,,,,,,,
1410,2.999464925,14.11,3,,,,,,,,,,,,,,,,,,,,,,,,
1411,2.999475531,14.12,3,,,,,,,,,,,,,,,,,,,,,,,,
1412,2.999485926,14.13,3,,,,,,,,,,,,,,,,,,,,,,,,
1413,2.999496116,14.14,3,,,,,,,,,,,,,,,,,,,,,,,,
1414,2.999506103,14.15,3,,,,,,,,,,,,,,,,,,,,,,,,
1415,2.999515893,14.16,3,,,,,,,,,,,,,,,,,,,,,,,,
1416,2.999525488,14.17,3,,,,,,,,,,,,,,,,,,,,,,,,
1417,2.999534894,14.18,3,,,,,,,,,,,,,,,,,,,,,,,,
1418,2.999544112,14.19,3,,,,,,,,,,,,,,,,,,,,,,,,
1419,2.999553149,14.2,3,,,,,,,,,,,,,,,,,,,,,,,,
1420,2.999562006,14.21,3,,,,,,,,,,,,,,,,,,,,,,,,
1421,2.999570687,14.22,3,,,,,,,,,,,,,,,,,,,,,,,,
1422,2.999579196,14.23,3,,,,,,,,,,,,,,,,,,,,,,,,
1423,2.999587537,14.24,3,,,,,,,,,,,,,,,,,,,,,,,,
1424,2.999595713,14.25,3,,,,,,,,,,,,,,,,,,,,,,,,
1425,2.999603726,14.26,3,,,,,,,,,,,,,,,,,,,,,,,,
1426,2.999611581,14.27,3,,,,,,,,,,,,,,,,,,,,,,,,
1427,2.999619279,14.28,3,,,,,,,,,,,,,,,,,,,,,,,,
1428,2.999626826,14.29,3,,,,,,,,,,,,,,,,,,,,,,,,
1429,2.999634222,14.3,3,,,,,,,,,,,,,,,,,,,,,,,,
1430,2.999641472,14.31,3,,,,,,,,,,,,,,,,,,,,,,,,
1431,2.999648579,14.32,3,,,,,,,,,,,,,,,,,,,,,,,,
1432,2.999655544,14.33,3,,,,,,,,,,,,,,,,,,,,,,,,
1433,2.999662372,14.34,3,,,,,,,,,,,,,,,,,,,,,,,,
1434,2.999669064,14.35,3,,,,,,,,,,,,,,,,,,,,,,,,
1435,2.999675623,14.36,3,,,,,,,,,,,,,,,,,,,,,,,,
1436,2.999682053,14.37,3,,,,,,,,,,,,,,,,,,,,,,,,
1437,2.999688355,14.38,3,,,,,,,,,,,,,,,,,,,,,,,,
1438,2.999694532,14.39,3,,,,,,,,,,,,,,,,,,,,,,,,
1439,2.999700586,14.4,3,,,,,,,,,,,,,,,,,,,,,,,,
1440,2.999706521,14.41,3,,,,,,,,,,,,,,,,,,,,,,,,
1441,2.999712338,14.42,3,,,,,,,,,,,,,,,,,,,,,,,,
1442,2.99971804,14.43,3,,,,,,,,,,,,,,,,,,,,,,,,
1443,2.999723629,14.44,3,,,,,,,,,,,,,,,,,,,,,,,,
1444,2.999729107,14.45,3,,,,,,,,,,,,,,,,,,,,,,,,
1445,2.999734476,14.46,3,,,,,,,,,,,,,,,,,,,,,,,,
1446,2.999739739,14.47,3,,,,,,,,,,,,,,,,,,,,,,,,
1447,2.999744898,14.48,3,,,,,,,,,,,,,,,,,,,,,,,,
1448,2.999749954,14.49,3,,,,,,,,,,,,,,,,,,,,,,,,
1449,2.99975491,14.5,3,,,,,,,,,,,,,,,,,,,,,,,,
1450,2.999759768,14.51,3,,,,,,,,,,,,,,,,,,,,,,,,
1451,2.99976453,14.52,3,,,,,,,,,,,,,,,,,,,,,,,,
1452,2.999769197,14.53,3,,,,,,,,,,,,,,,,,,,,,,,,
1453,2.999773772,14.54,3,,,,,,,,,,,,,,,,,,,,,,,,
1454,2.999778256,14.55,3,,,,,,,,,,,,,,,,,,,,,,,,
1455,2.999782651,14.56,3,,,,,,,,,,,,,,,,,,,,,,,,
1456,2.999786959,14.57,3,,,,,,,,,,,,,,,,,,,,,,,,
1457,2.999791182,14.58,3,,,,,,,,,,,,,,,,,,,,,,,,
1458,2.999795321,14.59,3,,,,,,,,,,,,,,,,,,,,,,,,
1459,2.999799378,14.6,3,,,,,,,,,,,,,,,,,,,,,,,,
1460,2.999803354,14.61,3,,,,,,,,,,,,,,,,,,,,,,,,
1461,2.999807252,14.62,3,,,,,,,,,,,,,,,,,,,,,,,,
1462,2.999811072,14.63,3,,,,,,,,,,,,,,,,,,,,,,,,
1463,2.999814817,14.64,3,,,,,,,,,,,,,,,,,,,,,,,,
1464,2.999818487,14.65,3,,,,,,,,,,,,,,,,,,,,,,,,
1465,2.999822085,14.66,3,,,,,,,,,,,,,,,,,,,,,,,,
1466,2.999825612,14.67,3,,,,,,,,,,,,,,,,,,,,,,,,
1467,2.999829068,14.68,3,,,,,,,,,,,,,,,,,,,,,,,,
1468,2.999832456,14.69,3,,,,,,,,,,,,,,,,,,,,,,,,
1469,2.999835777,14.7,3,,,,,,,,,,,,,,,,,,,,,,,,
1470,2.999839032,14.71,3,,,,,,,,,,,,,,,,,,,,,,,,
1471,2.999842223,14.72,3,,,,,,,,,,,,,,,,,,,,,,,,
1472,2.99984535,14.73,3,,,,,,,,,,,,,,,,,,,,,,,,
1473,2.999848415,14.74,3,,,,,,,,,,,,,,,,,,,,,,,,
1474,2.99985142,14.75,3,,,,,,,,,,,,,,,,,,,,,,,,
1475,2.999854365,14.76,3,,,,,,,,,,,,,,,,,,,,,,,,
1476,2.999857251,14.77,3,,,,,,,,,,,,,,,,,,,,,,,,
1477,2.999860081,14.78,3,,,,,,,,,,,,,,,,,,,,,,,,
1478,2.999862854,14.79,3,,,,,,,,,,,,,,,,,,,,,,,,
1479,2.999865573,14.8,3,,,,,,,,,,,,,,,,,,,,,,,,
1480,2.999868237,14.81,3,,,,,,,,,,,,,,,,,,,,,,,,
1481,2.999870849,14.82,3,,,,,,,,,,,,,,,,,,,,,,,,
1482,2.999873409,14.83,3,,,,,,,,,,,,,,,,,,,,,,,,
1483,2.999875918,14.84,3,,,,,,,,,,,,,,,,,,,,,,,,
1484,2.999878377,14.85,3,,,,,,,,,,,,,,,,,,,,,,,,
1485,2.999880788,14.86,3,,,,,,,,,,,,,,,,,,,,,,,,
1486,2.999883151,14.87,3,,,,,,,,,,,,,,,,,,,,,,,,
1487,2.999885467,14.88,3,,,,,,,,,,,,,,,,,,,,,,,,
1488,2.999887737,14.89,3,,,,,,,,,,,,,,,,,,,,,,,,
1489,2.999889962,14.9,3,,,,,,,,,,,,,,,,,,,,,,,,
1490,2.999892143,14.91,3,,,,,,,,,,,,,,,,,,,,,,,,
1491,2.999894281,14.92,3,,,,,,,,,,,,,,,,,,,,,,,,
1492,2.999896376,14.93,3,,,,,,,,,,,,,,,,,,,,,,,,
1493,2.99989843,14.94,3,,,,,,,,,,,,,,,,,,,,,,,,
1494,2.999900444,14.95,3,,,,,,,,,,,,,,,,,,,,,,,,
1495,2.999902417,14.96,3,,,,,,,,,,,,,,,,,,,,,,,,
1496,2.999904351,14.97,3,,,,,,,,,,,,,,,,,,,,,,,,
1497,2.999906247,14.98,3,,,,,,,,,,,,,,,,,,,,,,,,
1498,2.999908105,14.99,3,,,,,,,,,,,,,,,,,,,,,,,,
1499,2.999909927,15,3,,,,,,,,,,,,,,,,,,,,,,,,
